,Datetime,Open,Close,High,Low,Volume,Gain%,1_day,3_day,5_day,10_day,20_day,30_day,1,5,10,20,30
0,2021-03-15 00:46:40,10.05,9.82,10.11,9.81,18840,-2.2885572139303525,10.01,10.0,9.86,9.81,10.04,9.98,1.934826883910382,0.4073319755600728,-0.1018329938900182,2.2403258655804366,1.629327902240327
1,2021-03-16 00:46:40,9.9467,10.01,10.01,9.9,99896,0.6363919691958128,10.13,9.9956,9.815,9.85,10.01,9.935,1.1988011988012086,-1.9480519480519507,-1.5984015984015998,0.0,-0.7492507492507422
2,2021-03-17 00:46:40,10.0,10.13,10.305,9.94,17449,1.3000000000000078,10.0,9.86,9.8062,9.9,10.0,9.94,-1.283316880552821,-3.1964461994077027,-2.2704837117472896,-1.283316880552821,-1.875616979269509
3,2021-03-18 00:46:40,10.25,10.0,10.25,10.0,598,-2.4390243902439024,9.9956,9.815,9.785,9.88,10.0,9.98,-0.044000000000004036,-2.1499999999999986,-1.1999999999999922,0.0,-0.19999999999999576
4,2021-03-19 00:46:40,10.0,9.9956,10.0,9.9956,280,-0.044000000000004,9.86,9.8062,9.805,9.9,9.99,9.97,-1.356596902637162,-1.906839009164031,-0.9564208251630643,-0.056024650846366236,-0.25611268958340627
5,2021-03-22 00:46:40,9.999,9.86,9.999,9.8,76297,-1.3901390139014014,9.815,9.785,9.81,9.88,9.91,9.94,-0.4563894523326565,-0.5070993914807195,0.2028397565923058,0.5070993914807375,0.811359026369169
6,2021-03-23 00:46:40,9.86,9.815,9.95,9.7501,77712,-0.4563894523326565,9.8062,9.805,9.85,10.095,9.95,9.96,-0.08965868568516588,0.3565970453387687,2.8527763627101494,1.3754457463066714,1.4773306164034778
7,2021-03-24 00:46:40,9.79,9.8062,9.85,9.78,1595325,0.165474974463752,9.785,9.81,9.9,10.14,10.0799,9.97,-0.21618975750036026,0.9565377006383704,3.4039689176235446,2.791091350370172,1.670371805592382
8,2021-03-25 00:46:40,9.75,9.785,9.852,9.69,31926,0.3589743589743605,9.805,9.85,9.88,10.04,10.0,9.95,0.2043944813489992,0.9708737864077734,2.6060296371997853,2.197240674501787,1.6862544711292708
9,2021-03-26 00:46:40,9.85,9.805,9.85,9.805,6070,-0.4568527918781718,9.81,9.9,9.9,10.03,9.97,9.97,0.0509943906170401,0.9688934217236169,2.294747577766442,1.6828148903620697,1.6828148903620697
10,2021-03-29 00:46:40,10.49,9.81,10.49,9.81,21690,-6.482364156339368,9.85,9.88,9.88,10.04,9.98,9.93,0.4077471967380137,0.7135575942915421,2.344546381243615,1.7329255861365946,1.2232415902140592
11,2021-03-30 00:46:40,9.85,9.85,9.9817,9.85,47935,0.0,9.9,9.9,10.095,10.01,9.935,9.91,0.5076142131979768,2.4873096446700607,1.624365482233504,0.8629441624365569,0.6091370558375686
12,2021-03-31 00:46:40,9.87,9.9,9.9,9.81,38343,0.3039513677811665,9.88,9.88,10.14,10.0,9.94,9.91,-0.20202020202019771,2.4242424242424265,1.0101010101010066,0.40404040404039543,0.10101010101009886
13,2021-04-01 00:46:40,9.99,9.88,9.99,9.85,15486,-1.1011011011010954,9.9,10.095,10.04,10.0,9.98,9.89,0.20242914979756652,1.61943319838055,1.214574898785417,1.0121457489878507,0.10121457489878326
14,2021-04-05 00:46:40,9.9199,9.9,9.95,9.85,14881,-0.2006068609562576,9.88,10.14,10.03,9.99,9.97,9.89,-0.20202020202019771,1.313131313131303,0.9090909090909076,0.7070707070707098,-0.10101010101009886
15,2021-04-06 00:46:40,9.87,9.88,9.95,9.87,18024,0.1013171225937341,10.095,10.04,10.04,9.91,9.94,9.88,2.176113360323885,1.61943319838055,0.30364372469634976,0.6072874493926995,0.0
16,2021-04-07 00:46:40,9.88,10.095,11.0,9.88,558709,2.176113360323885,10.14,10.03,10.01,9.95,9.96,9.89,0.44576523031203497,-0.8420009905894091,-1.4363546310054616,-1.337295690936105,-2.030708271421496
17,2021-04-08 00:46:40,10.11,10.14,10.1999,9.91,464674,0.2967359050445216,10.04,10.04,10.0,10.0799,9.97,9.86,-0.9861932938856155,-1.3806706114398477,-0.5927021696252491,-1.676528599605522,-2.7613412228796954
18,2021-04-09 00:46:40,10.1,10.04,10.12,10.0,490410,-0.594059405940599,10.03,10.01,10.0,10.0,9.95,9.875,-0.09960159362549591,-0.39840637450198363,-0.39840637450198363,-0.8964143426294807,-1.6434262948207088
19,2021-04-12 00:46:40,10.04,10.03,10.045,9.93,278484,-0.0996015936254959,10.04,10.0,9.99,9.97,9.97,9.88,0.09970089730807366,-0.39880358923229464,-0.5982053838484419,-0.5982053838484419,-1.4955134596211224
20,2021-04-13 00:46:40,10.05,10.04,10.13,10.0,28513,-0.0995024875622045,10.01,10.0,9.91,9.98,9.93,9.91,-0.2988047808764877,-1.2948207171314643,-0.5976095617529754,-1.0956175298804727,-1.2948207171314643
21,2021-04-14 00:46:40,10.04,10.01,10.04,10.0,60941,-0.2988047808764877,10.0,9.99,9.95,9.935,9.91,9.86,-0.09990009990009778,-0.5994005994006043,-0.7492507492507422,-0.9990009990009955,-1.4985014985015022
22,2021-04-15 00:46:40,10.01,10.0,10.0284,10.0,13818,-0.0999000999000977,10.0,9.91,10.0799,9.94,9.91,9.9,0.0,0.799000000000003,-0.600000000000005,-0.8999999999999986,-0.9999999999999963
23,2021-04-16 00:46:40,10.0001,10.0,10.01,9.99,116387,-0.0009999900000976,9.99,9.95,10.0,9.98,9.89,9.87,-0.09999999999999788,0.0,-0.19999999999999576,-1.0999999999999943,-1.3000000000000078
24,2021-04-19 00:46:40,10.0,9.99,10.01,9.9,254819,-0.0999999999999978,9.91,10.0799,9.97,9.97,9.89,9.88,-0.8008008008008015,-0.20020020020019594,-0.20020020020019594,-1.0010010010009973,-1.1011011011010954
25,2021-04-20 00:46:40,9.91,9.91,9.9597,9.9,46570,0.0,9.95,10.0,9.98,9.94,9.88,9.87,0.4036326942482255,0.7063572149344125,0.3027245206861691,-0.3027245206861691,-0.4036326942482434
26,2021-04-21 00:46:40,10.0,9.95,10.0,9.85,168513,-0.5000000000000071,10.0799,9.97,9.935,9.96,9.89,9.89,1.305527638190965,-0.150753768844209,0.10050251256282978,-0.6030150753768716,-0.6030150753768716
27,2021-04-22 00:46:40,9.95,10.0799,10.0799,9.95,182746,1.305527638190965,10.0,9.98,9.94,9.97,9.86,9.86,-0.7926665939146251,-1.3879105943511423,-1.0902885941328748,-2.181569261599826,-2.181569261599826
28,2021-04-23 00:46:40,10.11,10.0,10.11,10.0,35825,-1.0880316518298658,9.97,9.935,9.98,9.95,9.875,9.88,-0.2999999999999936,-0.19999999999999576,-0.5000000000000071,-1.25,-1.1999999999999922
29,2021-04-26 00:46:40,9.96,9.97,10.09,9.955,35213,0.1004016064257006,9.98,9.94,9.97,9.97,9.88,9.91,0.10030090270812222,0.0,0.0,-0.9027081243731179,-0.6018054162487513
30,2021-04-27 00:46:40,10.07,9.98,10.17,9.98,114907,-0.8937437934458774,9.935,9.98,9.94,9.93,9.91,9.91,-0.45090180360721366,-0.40080160320642205,-0.5010020040080231,-0.7014028056112253,-0.7014028056112253
31,2021-04-28 00:46:40,9.98,9.935,9.98,9.91,184742,-0.4509018036072136,9.94,9.97,9.96,9.91,9.86,9.91,0.05032712632107705,0.2516356316054389,-0.2516356316054389,-0.7549068948163167,-0.2516356316054389
32,2021-04-29 00:46:40,9.93,9.94,10.09,9.93,52654,0.1007049345417904,9.98,9.94,9.97,9.91,9.9,9.92,0.4024144869215385,0.3018108651911583,-0.3018108651911404,-0.4024144869215206,-0.2012072434607603
33,2021-04-30 00:46:40,10.1,9.98,10.105,9.95,3994396,-1.1881188118811803,9.97,9.96,9.95,9.89,9.87,9.92,-0.10020040080160107,-0.30060120240482097,-0.9018036072144273,-1.1022044088176473,-0.6012024048096242
34,2021-05-03 00:46:40,10.0,9.97,10.0,9.93,1078797,-0.2999999999999936,9.94,9.97,9.97,9.89,9.88,9.91,-0.3009027081243845,0.0,-0.8024072216649957,-0.9027081243731179,-0.6018054162487513
35,2021-05-04 00:46:40,9.99,9.94,10.0,9.9,302236,-0.5005005005005077,9.96,9.95,9.93,9.88,9.87,9.92,0.20120724346077817,-0.10060362173038015,-0.6036217303822808,-0.7042253521126789,-0.2012072434607603
36,2021-05-05 00:46:40,9.95,9.96,9.975,9.93,916972,0.1005025125628297,9.97,9.97,9.91,9.89,9.89,9.92,0.10040160642570066,-0.5020080321285212,-0.7028112449799224,-0.7028112449799224,-0.4016064257028205
37,2021-05-06 00:46:40,9.97,9.97,9.97,9.9456,546856,0.0,9.95,9.93,9.91,9.86,9.86,9.92,-0.20060180541626227,-0.6018054162487513,-1.10330992978938,-1.10330992978938,-0.501504513540629
38,2021-05-07 00:46:40,9.94,9.95,9.965,9.94,131643,0.1006036217303801,9.97,9.91,9.89,9.875,9.88,9.92,0.20100502512564172,-0.6030150753768716,-0.7537688442210985,-0.7035175879396836,-0.3015075376884358
39,2021-05-10 00:46:40,9.99,9.97,9.99,9.89,902291,-0.2002002002001959,9.93,9.91,9.89,9.88,9.91,9.91,-0.4012036108325068,-0.8024072216649957,-0.9027081243731179,-0.6018054162487513,-0.6018054162487513
40,2021-05-11 00:46:40,9.95,9.93,10.0,9.8,1371861,-0.2010050251256238,9.91,9.89,9.88,9.91,9.91,9.89,-0.2014098690835808,-0.503524672708952,-0.2014098690835808,-0.2014098690835808,-0.4028197381671616
41,2021-05-12 00:46:40,9.93,9.91,9.97,9.85,469073,-0.2014098690835808,9.91,9.89,9.89,9.86,9.91,9.88,0.0,-0.20181634712411275,-0.5045408678102997,0.0,-0.3027245206861691
42,2021-05-13 00:46:40,9.9,9.91,9.93,9.86,173181,0.1010101010100988,9.89,9.88,9.86,9.9,9.92,9.88,-0.20181634712411275,-0.5045408678102997,-0.10090817356205638,0.10090817356205638,-0.3027245206861691
43,2021-05-14 00:46:40,9.91,9.89,9.93,9.85,519844,-0.2018163471241127,9.89,9.89,9.875,9.87,9.92,9.89,0.0,-0.15166835187058206,-0.20222446916078207,0.3033367037411462,0.0
44,2021-05-17 00:46:40,9.89,9.89,9.93,9.86,202200,0.0,9.88,9.86,9.88,9.88,9.91,9.9,-0.10111223458038206,-0.10111223458038206,-0.10111223458038206,0.20222446916076411,0.10111223458038206
45,2021-05-18 00:46:40,9.9,9.88,9.92,9.86,112286,-0.2020202020201977,9.89,9.875,9.91,9.87,9.92,9.89,0.10121457489878326,0.30364372469634976,-0.10121457489880123,0.40485829959513303,0.10121457489878326
46,2021-05-19 00:46:40,9.9,9.89,9.92,9.87,515063,-0.1010101010100988,9.86,9.88,9.86,9.89,9.92,9.8925,-0.3033367037411641,-0.3033367037411641,0.0,0.3033367037411462,0.02527805864509103
47,2021-05-20 00:46:40,9.88,9.86,9.9,9.86,110082,-0.2024291497975845,9.875,9.91,9.9,9.86,9.92,9.89,0.15212981744422482,0.40567951318459355,0.0,0.6085192697768814,0.30425963488844965
48,2021-05-21 00:46:40,9.86,9.875,9.93,9.85,1555631,0.1521298174442248,9.88,9.86,9.87,9.88,9.92,9.89,0.05063291139241298,-0.05063291139241298,0.05063291139241298,0.4556962025316449,0.15189873417722097
49,2021-05-24 00:46:40,9.93,9.88,9.94,9.86,181576,-0.503524672708952,9.91,9.9,9.88,9.91,9.91,9.89,0.30364372469634976,0.0,0.30364372469634976,0.30364372469634976,0.10121457489878326
50,2021-05-25 00:46:40,9.89,9.91,9.91,9.87,120030,0.2022244691607641,9.86,9.87,9.87,9.91,9.89,9.89,-0.5045408678102997,-0.4036326942482434,0.0,-0.20181634712411275,-0.20181634712411275
51,2021-05-26 00:46:40,9.89,9.86,9.93,9.845,703182,-0.3033367037411641,9.9,9.88,9.89,9.91,9.88,9.89,0.40567951318459355,0.30425963488844965,0.5070993914807375,0.2028397565923058,0.30425963488844965
52,2021-05-27 00:46:40,9.85,9.9,9.9,9.85,709280,0.5076142131979768,9.87,9.87,9.86,9.92,9.88,9.9,-0.30303030303031453,-0.4040404040404133,0.20202020202019771,-0.20202020202019771,0.0
53,2021-05-28 00:46:40,9.86,9.87,9.9,9.855,264298,0.1014198782961438,9.88,9.89,9.88,9.92,9.89,9.89,0.10131712259373417,0.10131712259373417,0.5065856129685989,0.20263424518745035,0.20263424518745035
54,2021-06-01 00:46:40,9.88,9.88,9.89,9.86,62210,0.0,9.87,9.86,9.91,9.91,9.9,9.89,-0.10121457489880123,0.30364372469634976,0.30364372469634976,0.20242914979756652,0.10121457489878326
55,2021-06-02 00:46:40,9.88,9.87,9.89,9.85,841135,-0.1012145748988012,9.89,9.88,9.91,9.92,9.89,9.89,0.20263424518745035,0.4052684903748828,0.5065856129685989,0.20263424518745035,0.20263424518745035
56,2021-06-03 00:46:40,9.88,9.89,9.9,9.86,184159,0.1012145748987832,9.86,9.91,9.91,9.92,9.8925,9.89,-0.3033367037411641,0.20222446916076411,0.3033367037411462,0.02527805864509103,0.0
57,2021-06-04 00:46:40,9.88,9.86,9.88,9.86,331552,-0.2024291497975845,9.88,9.91,9.92,9.92,9.89,9.89,0.2028397565923058,0.6085192697768814,0.6085192697768814,0.30425963488844965,0.30425963488844965
58,2021-06-07 00:46:40,9.89,9.88,9.89,9.86,49667,-0.101112234580382,9.91,9.91,9.92,9.92,9.89,9.89,0.30364372469634976,0.40485829959513303,0.40485829959513303,0.10121457489878326,0.10121457489878326
59,2021-06-08 00:46:40,9.88,9.91,9.92,9.85,218917,0.3036437246963497,9.91,9.92,9.91,9.91,9.89,9.89,0.0,0.0,0.0,-0.20181634712411275,-0.20181634712411275
60,2021-06-09 00:46:40,9.89,9.91,9.95,9.87,372638,0.2022244691607641,9.91,9.92,9.92,9.89,9.89,9.9,0.0,0.10090817356205638,-0.20181634712411275,-0.20181634712411275,-0.10090817356205638
61,2021-06-10 00:46:40,9.9457,9.91,9.9457,9.9,29128,-0.3589490935781321,9.92,9.91,9.92,9.88,9.89,9.89,0.10090817356205638,0.10090817356205638,-0.3027245206861691,-0.20181634712411275,-0.20181634712411275
62,2021-06-11 00:46:40,9.94,9.92,9.94,9.88,100792,-0.2012072434607603,9.92,9.92,9.92,9.88,9.9,9.89,0.0,0.0,-0.40322580645160433,-0.20161290322580216,-0.30241935483870325
63,2021-06-14 00:46:40,9.95,9.92,9.95,9.9,205125,-0.3015075376884358,9.91,9.92,9.92,9.89,9.89,9.89,-0.10080645161290108,0.0,-0.30241935483870325,-0.30241935483870325,-0.30241935483870325
64,2021-06-15 00:46:40,9.9016,9.91,9.92,9.9,223518,0.0848347741779102,9.92,9.92,9.91,9.9,9.89,9.89,0.10090817356205638,0.0,-0.10090817356205638,-0.20181634712411275,-0.20181634712411275
65,2021-06-16 00:46:40,9.905,9.92,9.95,9.89,674760,0.1514386673397331,9.92,9.92,9.89,9.89,9.89,9.89,0.0,-0.30241935483870325,-0.30241935483870325,-0.30241935483870325,-0.30241935483870325
66,2021-06-17 00:46:40,9.91,9.92,9.95,9.9,432727,0.1009081735620563,9.92,9.91,9.88,9.8925,9.89,9.9,0.0,-0.40322580645160433,-0.27721774193548243,-0.30241935483870325,-0.20161290322580216
67,2021-06-18 00:46:40,9.9,9.92,9.92,9.9,111735,0.2020202020201977,9.92,9.89,9.88,9.89,9.89,9.87,0.0,-0.40322580645160433,-0.30241935483870325,-0.30241935483870325,-0.5040322580645233
68,2021-06-21 00:46:40,9.89,9.92,9.92,9.89,189386,0.3033367037411462,9.91,9.88,9.89,9.89,9.89,9.88,-0.10080645161290108,-0.30241935483870325,-0.30241935483870325,-0.30241935483870325,-0.40322580645160433
69,2021-06-22 00:46:40,9.89,9.91,9.91,9.88,201876,0.2022244691607641,9.89,9.88,9.9,9.89,9.89,9.87,-0.20181634712411275,-0.10090817356205638,-0.20181634712411275,-0.20181634712411275,-0.4036326942482434
70,2021-06-23 00:46:40,9.895,9.89,9.91,9.87,325986,-0.0505305709954422,9.88,9.89,9.89,9.89,9.9,9.87,-0.10111223458038206,0.0,0.0,0.10111223458038206,-0.20222446916078207
71,2021-06-24 00:46:40,9.89,9.88,9.9,9.87,79791,-0.101112234580382,9.88,9.9,9.8925,9.89,9.89,9.85,0.0,0.1265182186234746,0.10121457489878326,0.10121457489878326,-0.30364372469636774
72,2021-06-25 00:46:40,9.88,9.88,9.9,9.87,87183,0.0,9.89,9.89,9.89,9.9,9.89,9.85,0.10121457489878326,0.10121457489878326,0.20242914979756652,0.10121457489878326,-0.30364372469636774
73,2021-06-28 00:46:40,9.88,9.89,9.9,9.87,132588,0.1012145748987832,9.9,9.8925,9.89,9.89,9.89,9.86,0.10111223458038206,0.0,0.0,0.0,-0.3033367037411641
74,2021-06-29 00:46:40,9.9,9.9,9.93,9.9,23969,0.0,9.89,9.89,9.89,9.89,9.89,9.87,-0.10101010101009886,-0.10101010101009886,-0.10101010101009886,-0.10101010101009886,-0.30303030303031453
75,2021-06-30 00:46:40,9.89,9.89,9.92,9.89,63925,0.0,9.8925,9.89,9.89,9.89,9.89,9.87,0.02527805864509103,0.0,0.0,0.0,-0.20222446916078207
76,2021-07-01 00:46:40,9.89,9.8925,9.91,9.87,289756,0.025278058645091,9.89,9.89,9.89,9.89,9.9,9.92,-0.02527167045741221,-0.02527167045741221,-0.02527167045741221,0.07581501137225458,0.27798837503158813
77,2021-07-02 00:46:40,9.89,9.89,9.9,9.885,11017,0.0,9.89,9.89,9.9,9.89,9.87,9.88,0.0,0.10111223458038206,0.0,-0.20222446916078207,-0.10111223458038206
78,2021-07-06 00:46:40,9.89,9.89,9.9,9.89,4756,0.0,9.89,9.89,9.89,9.89,9.88,9.87,0.0,0.0,0.0,-0.10111223458038206,-0.20222446916078207
79,2021-07-07 00:46:40,9.89,9.89,9.895,9.87,266059,0.0,9.89,9.9,9.89,9.89,9.87,9.88,0.0,0.0,0.0,-0.20222446916078207,-0.10111223458038206
80,2021-07-08 00:46:40,9.89,9.89,9.89,9.87,6346,0.0,9.89,9.89,9.89,9.9,9.87,9.88,0.0,0.0,0.10111223458038206,-0.20222446916078207,-0.10111223458038206
81,2021-07-09 00:46:40,9.88,9.89,9.89,9.88,23067,0.1012145748987832,9.9,9.89,9.89,9.89,9.85,9.87,0.10111223458038206,0.0,0.0,-0.4044489383215462,-0.20222446916078207
82,2021-07-12 00:46:40,9.89,9.9,9.9,9.88,16343,0.101112234580382,9.89,9.89,9.89,9.89,9.85,9.87,-0.10101010101009886,-0.10101010101009886,-0.10101010101009886,-0.5050505050505122,-0.30303030303031453
83,2021-07-13 00:46:40,9.88,9.89,9.89,9.88,2057,0.1012145748987832,9.89,9.89,9.89,9.89,9.86,9.9,0.0,0.0,0.0,-0.3033367037411641,0.10111223458038206
84,2021-07-14 00:46:40,9.89,9.89,9.9,9.87,76261,0.0,9.89,9.89,9.89,9.89,9.87,9.9,0.0,0.0,0.0,-0.20222446916078207,0.10111223458038206
85,2021-07-15 00:46:40,9.87,9.89,9.89,9.87,41713,0.2026342451874503,9.89,9.89,9.9,9.89,9.87,9.9,0.0,0.10111223458038206,0.0,-0.20222446916078207,0.10111223458038206
86,2021-07-16 00:46:40,9.9,9.89,9.9,9.88,21688,-0.1010101010100988,9.89,9.89,9.89,9.9,9.92,9.87,0.0,0.0,0.10111223458038206,0.3033367037411462,-0.20222446916078207
87,2021-07-19 00:46:40,9.88,9.89,9.89,9.85,94222,0.1012145748987832,9.89,9.9,9.89,9.87,9.88,9.89,0.0,0.0,-0.20222446916078207,-0.10111223458038206,0.0
88,2021-07-20 00:46:40,9.87,9.89,9.89,9.86,32212,0.2026342451874503,9.89,9.89,9.89,9.88,9.87,9.93,0.0,0.0,-0.10111223458038206,-0.20222446916078207,0.40444893832152823
89,2021-07-21 00:46:40,9.87,9.89,9.89,9.87,3136,0.2026342451874503,9.9,9.89,9.89,9.87,9.88,9.9043,0.10111223458038206,0.0,-0.20222446916078207,-0.10111223458038206,0.14459049544993577
90,2021-07-22 00:46:40,9.88,9.9,9.9,9.87,305430,0.2024291497975665,9.89,9.89,9.89,9.87,9.88,9.93,-0.10101010101009886,-0.10101010101009886,-0.30303030303031453,-0.20202020202019771,0.30303030303029654
91,2021-07-23 00:46:40,9.9,9.89,9.9,9.88,298540,-0.1010101010100988,9.89,9.89,9.9,9.85,9.87,9.925,0.0,0.10111223458038206,-0.4044489383215462,-0.20222446916078207,0.3538928210313462
92,2021-07-26 00:46:40,9.89,9.89,9.9,9.88,17504,0.0,9.89,9.89,9.87,9.85,9.87,9.93,0.0,-0.20222446916078207,-0.4044489383215462,-0.20222446916078207,0.40444893832152823
93,2021-07-27 00:46:40,9.89,9.89,9.9,9.885,7720,0.0,9.89,9.9,9.88,9.86,9.9,9.91,0.0,-0.10111223458038206,-0.3033367037411641,0.10111223458038206,0.20222446916076411
94,2021-07-28 00:46:40,9.89,9.89,9.89,9.88,7032,0.0,9.89,9.87,9.87,9.87,9.9,9.89,0.0,-0.20222446916078207,-0.20222446916078207,0.10111223458038206,0.0
95,2021-07-29 00:46:40,9.9,9.89,9.9,9.84,28453,-0.1010101010100988,9.9,9.88,9.87,9.87,9.9,9.9,0.10111223458038206,-0.20222446916078207,-0.20222446916078207,0.10111223458038206,0.10111223458038206
96,2021-07-30 00:46:40,9.87,9.9,9.9,9.86,32332,0.3039513677811665,9.87,9.87,9.85,9.92,9.87,9.9025,-0.30303030303031453,-0.5050505050505122,0.20202020202019771,-0.30303030303031453,0.02525252525252023
97,2021-08-02 00:46:40,9.9,9.87,9.9,9.84,65915,-0.3030303030303145,9.88,9.87,9.85,9.88,9.89,9.91,0.10131712259373417,-0.20263424518743237,0.10131712259373417,0.20263424518745035,0.4052684903748828
98,2021-08-03 00:46:40,9.87,9.88,9.885,9.87,17818,0.1013171225937341,9.87,9.85,9.86,9.87,9.93,9.89,-0.10121457489880123,-0.2024291497975845,-0.10121457489880123,0.5060728744939162,0.10121457489878326
99,2021-08-04 00:46:40,9.865,9.87,9.88,9.84,65963,0.05068423720222,9.87,9.85,9.87,9.88,9.9043,9.91,0.0,0.0,0.10131712259373417,0.3475177304964539,0.4052684903748828
100,2021-08-05 00:46:40,9.88,9.87,9.88,9.81,214994,-0.1012145748988012,9.85,9.86,9.87,9.88,9.93,9.92,-0.20263424518743237,0.0,0.10131712259373417,0.6079027355623151,0.5065856129685989
101,2021-08-06 00:46:40,9.865,9.85,9.88,9.84,425350,-0.1520527116066961,9.85,9.87,9.92,9.87,9.925,9.91,0.0,0.7106598984771603,0.20304568527918349,0.7614213197969651,0.6091370558375686
102,2021-08-09 00:46:40,9.85,9.85,9.87,9.85,440575,0.0,9.86,9.87,9.88,9.87,9.93,9.92,0.10152284263959174,0.3045685279187933,0.20304568527918349,0.812182741116752,0.7106598984771603
103,2021-08-10 00:46:40,9.85,9.86,9.87,9.84,307250,0.1015228426395917,9.87,9.92,9.87,9.9,9.91,9.93,0.10141987829614389,0.10141987829614389,0.40567951318459355,0.5070993914807375,0.7099391480730253
104,2021-08-11 00:46:40,9.87,9.87,9.88,9.86,126200,0.0,9.87,9.88,9.88,9.9,9.89,9.92,0.0,0.10131712259373417,0.30395136778116655,0.20263424518745035,0.5065856129685989
105,2021-08-12 00:46:40,9.9,9.87,9.9,9.87,98005,-0.3030303030303145,9.92,9.87,9.88,9.9,9.9,9.94,0.5065856129685989,0.10131712259373417,0.30395136778116655,0.30395136778116655,0.7092198581560313
106,2021-08-13 00:46:40,9.88,9.92,9.92,9.87,188673,0.404858299595133,9.88,9.88,9.87,9.87,9.9025,9.94,-0.40322580645160433,-0.5040322580645233,-0.5040322580645233,-0.17641129032258135,0.20161290322580216
107,2021-08-16 00:46:40,9.92,9.88,9.92,9.86,80456,-0.4032258064516043,9.87,9.88,9.87,9.89,9.91,9.91,-0.10121457489880123,-0.10121457489880123,0.10121457489878326,0.30364372469634976,0.30364372469634976
108,2021-08-17 00:46:40,9.92,9.87,9.92,9.85,63413,-0.5040322580645233,9.88,9.87,9.9,9.93,9.89,9.88,0.10131712259373417,0.30395136778116655,0.6079027355623151,0.20263424518745035,0.10131712259373417
109,2021-08-18 00:46:40,9.91,9.88,9.91,9.87,369721,-0.3027245206861691,9.88,9.87,9.9,9.9043,9.91,9.88,0.0,0.20242914979756652,0.24595141700403272,0.30364372469634976,0.0
110,2021-08-19 00:46:40,9.88,9.88,9.89,9.88,61710,0.0,9.87,9.9,9.9,9.93,9.92,9.93,-0.10121457489880123,0.20242914979756652,0.5060728744939162,0.40485829959513303,0.5060728744939162
111,2021-08-20 00:46:40,9.87,9.87,9.89,9.85,102271,0.0,9.87,9.9,9.87,9.925,9.91,9.9,0.0,0.0,0.557244174265466,0.4052684903748828,0.30395136778116655
112,2021-08-23 00:46:40,9.85,9.87,9.87,9.85,36050,0.2030456852791834,9.9,9.9,9.89,9.93,9.92,9.9,0.30395136778116655,0.20263424518745035,0.6079027355623151,0.5065856129685989,0.30395136778116655
113,2021-08-24 00:46:40,9.89,9.9,9.9,9.87,81817,0.101112234580382,9.9,9.87,9.93,9.91,9.93,9.91,0.0,0.30303030303029654,0.10101010101009886,0.30303030303029654,0.10101010101009886
114,2021-08-25 00:46:40,9.85,9.9,9.9,9.85,102844,0.5076142131979768,9.9,9.89,9.9043,9.89,9.92,9.9,0.0,0.04343434343433192,-0.10101010101009886,0.20202020202019771,0.0
115,2021-08-26 00:46:40,9.87,9.9,9.91,9.87,76111,0.3039513677811665,9.87,9.93,9.93,9.9,9.94,9.92,-0.30303030303031453,0.30303030303029654,0.0,0.40404040404039543,0.20202020202019771
116,2021-08-27 00:46:40,9.88,9.87,9.9099,9.87,10339,-0.1012145748988012,9.89,9.9043,9.925,9.9025,9.94,9.92,0.20263424518745035,0.557244174265466,0.32928064842959115,0.7092198581560313,0.5065856129685989
117,2021-08-30 00:46:40,9.85,9.89,9.9,9.85,49445,0.406091370558385,9.93,9.93,9.93,9.91,9.91,9.93,0.40444893832152823,0.40444893832152823,0.20222446916076411,0.20222446916076411,0.40444893832152823
118,2021-08-31 00:46:40,9.9185,9.93,9.93,9.88,66997,0.1159449513535297,9.9043,9.925,9.91,9.89,9.88,9.95,-0.2588116817724119,-0.2014098690835808,-0.4028197381671616,-0.503524672708952,0.2014098690835808
119,2021-09-01 00:46:40,9.93,9.9043,9.93,9.9,54392,-0.2588116817724119,9.93,9.93,9.89,9.91,9.88,9.94,0.2594832547479428,-0.14438173318658207,0.05755076078068039,-0.24534798017021328,0.36044950173157403
120,2021-09-02 00:46:40,9.93,9.93,9.94,9.9,13073,0.0,9.925,9.91,9.9,9.92,9.93,9.95,-0.050352467270886256,-0.30211480362537124,-0.1007049345417904,0.0,0.2014098690835808
121,2021-09-03 00:46:40,9.88,9.925,9.93,9.88,12344,0.4554655870445336,9.93,9.89,9.9025,9.91,9.9,9.94,0.05037783375313858,-0.22670025188917733,-0.15113350125945157,-0.25188916876574663,0.15113350125943364
122,2021-09-07 00:46:40,9.93,9.93,9.932,9.92,21827,0.0,9.91,9.9,9.91,9.92,9.9,9.94,-0.2014098690835808,-0.2014098690835808,-0.1007049345417904,-0.30211480362537124,0.1007049345417904
123,2021-09-08 00:46:40,9.91,9.91,9.9188,9.9,27748,0.0,9.89,9.9025,9.89,9.93,9.91,9.94,-0.20181634712411275,-0.20181634712411275,0.20181634712411275,0.0,0.3027245206861691
124,2021-09-09 00:46:40,9.89,9.89,9.91,9.87,41336,0.0,9.9,9.91,9.91,9.92,9.9,9.93,0.10111223458038206,0.20222446916076411,0.3033367037411462,0.10111223458038206,0.40444893832152823
125,2021-09-10 00:46:40,9.9,9.9,9.9244,9.85,453714,0.0,9.9025,9.89,9.92,9.94,9.92,9.95,0.02525252525252023,0.20202020202019771,0.40404040404039543,0.20202020202019771,0.5050505050504942
126,2021-09-13 00:46:40,9.89,9.9025,9.9025,9.88,6752,0.1263902932254731,9.91,9.91,9.91,9.94,9.92,9.95,0.07573844988639519,0.07573844988639519,0.37869224943195806,0.17672304973491615,0.479676849280479
127,2021-09-14 00:46:40,9.9,9.91,9.92,9.88,9869,0.1010101010100988,9.89,9.92,9.92,9.91,9.93,9.94,-0.20181634712411275,0.10090817356205638,0.0,0.20181634712411275,0.3027245206861691
128,2021-09-15 00:46:40,9.9,9.89,9.93,9.89,127984,-0.1010101010100988,9.91,9.91,9.93,9.88,9.95,9.94,0.20222446916076411,0.40444893832152823,-0.10111223458038206,0.6066734074822924,0.5055611729019104
129,2021-09-16 00:46:40,9.9001,9.91,9.91,9.88,90978,0.099998989909193,9.92,9.92,9.92,9.88,9.94,10.01,0.10090817356205638,0.10090817356205638,-0.3027245206861691,0.3027245206861691,1.0090817356205817
130,2021-09-17 00:46:40,9.91,9.92,9.92,9.91,6024,0.1009081735620563,9.91,9.93,9.94,9.93,9.95,10.02,-0.10080645161290108,0.20161290322580216,0.10080645161290108,0.30241935483870325,1.0080645161290287
131,2021-09-20 00:46:40,9.93,9.91,9.93,9.91,12127,-0.2014098690835808,9.92,9.92,9.94,9.9,9.94,9.98,0.10090817356205638,0.3027245206861691,-0.10090817356205638,0.3027245206861691,0.7063572149344125
132,2021-09-21 00:46:40,9.93,9.92,9.93,9.91,5655,-0.1007049345417904,9.93,9.94,9.91,9.9,9.94,10.01,0.10080645161290108,-0.10080645161290108,-0.20161290322580216,0.20161290322580216,0.9072580645161276
133,2021-09-22 00:46:40,9.91,9.93,9.94,9.91,10748,0.2018163471241127,9.92,9.94,9.88,9.91,9.94,10.01,-0.1007049345417904,-0.503524672708952,-0.2014098690835808,0.1007049345417904,0.8056394763343411
134,2021-09-23 00:46:40,9.93,9.92,9.96,9.91,590198,-0.1007049345417904,9.94,9.91,9.88,9.9,9.93,9.99,0.20161290322580216,-0.40322580645160433,-0.20161290322580216,0.10080645161290108,0.7056451612903254
135,2021-09-24 00:46:40,9.89,9.94,9.94,9.89,50271,0.5055611729019104,9.94,9.88,9.93,9.92,9.95,10.0,0.0,-0.10060362173038015,-0.2012072434607603,0.10060362173038015,0.6036217303822987
136,2021-09-27 00:46:40,9.95,9.94,9.95,9.93,15521,-0.1005025125628119,9.91,9.88,9.9,9.92,9.95,9.99,-0.3018108651911404,-0.4024144869215206,-0.2012072434607603,0.10060362173038015,0.5030181086519186
137,2021-09-28 00:46:40,9.9499,9.91,9.9499,9.91,37708,-0.4010090553673844,9.88,9.93,9.9,9.93,9.94,9.99,-0.3027245206861691,-0.10090817356205638,0.20181634712411275,0.3027245206861691,0.8072653884964689
138,2021-09-29 00:46:40,9.91,9.88,9.92,9.87,122689,-0.3027245206861691,9.88,9.9,9.91,9.95,9.94,9.96,0.0,0.30364372469634976,0.7085020242914828,0.6072874493926995,0.8097165991902842
139,2021-09-30 00:46:40,9.88,9.88,9.9033,9.87,158911,0.0,9.93,9.9,9.9,9.94,10.01,9.97,0.5060728744939162,0.20242914979756652,0.6072874493926995,1.3157894736842004,0.9109311740890673
140,2021-10-01 00:46:40,9.88,9.93,9.93,9.88,39609,0.5060728744939162,9.9,9.91,9.92,9.95,10.02,9.98,-0.30211480362537124,-0.1007049345417904,0.2014098690835808,0.9063444108761315,0.50352467270897
141,2021-10-04 00:46:40,9.94,9.9,9.94,9.88,33991,-0.4024144869215206,9.9,9.9,9.92,9.94,9.98,10.0,0.0,0.20202020202019771,0.40404040404039543,0.8080808080808087,1.0101010101010066
142,2021-10-05 00:46:40,9.89,9.9,9.92,9.89,12558,0.101112234580382,9.91,9.92,9.93,9.94,10.01,10.01,0.10101010101009886,0.30303030303029654,0.40404040404039543,1.1111111111111052,1.1111111111111052
143,2021-10-06 00:46:40,9.9,9.91,9.915,9.9,15508,0.1010101010100988,9.9,9.92,9.95,9.94,10.01,9.95,-0.10090817356205638,0.4036326942482255,0.3027245206861691,1.0090817356205817,0.4036326942482255
144,2021-10-07 00:46:40,9.9,9.9,9.92,9.9,55744,0.0,9.92,9.93,9.94,9.93,9.99,9.96,0.20202020202019771,0.40404040404039543,0.30303030303029654,0.9090909090909076,0.6060606060606111
145,2021-10-08 00:46:40,9.94,9.92,9.94,9.9,47133,-0.2012072434607603,9.92,9.95,9.95,9.95,10.0,9.97,0.0,0.30241935483870325,0.30241935483870325,0.8064516129032264,0.5040322580645233
146,2021-10-11 00:46:40,9.91,9.92,9.93,9.91,2218,0.1009081735620563,9.93,9.94,9.94,9.95,9.99,9.97,0.10080645161290108,0.20161290322580216,0.30241935483870325,0.7056451612903254,0.5040322580645233
147,2021-10-12 00:46:40,9.93,9.93,9.94,9.92,12426,0.0,9.95,9.95,9.94,9.94,9.99,9.94,0.2014098690835808,0.1007049345417904,0.1007049345417904,0.6042296072507604,0.1007049345417904
148,2021-10-13 00:46:40,9.95,9.95,9.95,9.92,213828,0.0,9.94,9.94,9.94,9.94,9.96,9.945,-0.10050251256281194,-0.10050251256281194,-0.10050251256281194,0.10050251256282978,-0.050251256281397046
149,2021-10-14 00:46:40,9.95,9.94,9.95,9.92,8409,-0.1005025125628119,9.95,9.94,9.93,10.01,9.97,9.95,0.10060362173038015,-0.10060362173038015,0.7042253521126789,0.3018108651911583,0.10060362173038015
150,2021-10-15 00:46:40,9.94,9.95,9.95,9.94,54021,0.1006036217303801,9.94,9.94,9.95,10.02,9.98,9.97,-0.10050251256281194,0.0,0.7035175879397014,0.3015075376884536,0.20100502512564172
151,2021-10-18 00:46:40,9.94,9.94,9.96,9.93,51946,0.0,9.94,9.93,9.95,9.98,10.0,9.93,0.0,0.10060362173038015,0.4024144869215385,0.6036217303822987,-0.10060362173038015
152,2021-10-19 00:46:40,9.94,9.94,9.95,9.93,84173,0.0,9.94,9.95,9.94,10.01,10.01,9.93,0.0,0.0,0.7042253521126789,0.7042253521126789,-0.10060362173038015
153,2021-10-20 00:46:40,9.94,9.94,9.9476,9.93,58196,0.0,9.93,9.95,9.94,10.01,9.95,9.9,-0.10060362173038015,0.0,0.7042253521126789,0.10060362173038015,-0.4024144869215206
154,2021-10-21 00:46:40,9.93,9.93,9.94,9.93,51050,0.0,9.95,9.94,10.01,9.99,9.96,9.88,0.2014098690835808,0.8056394763343411,0.6042296072507604,0.3021148036253891,-0.503524672708952
155,2021-10-22 00:46:40,9.95,9.95,9.95,9.93,51166,0.0,9.95,9.94,10.02,10.0,9.97,9.88,0.0,0.7035175879397014,0.5025125628140775,0.20100502512564172,-0.7035175879396836
156,2021-10-25 00:46:40,9.95,9.95,9.96,9.94,96110,0.0,9.94,10.01,9.98,9.99,9.97,9.91,-0.10050251256281194,0.3015075376884536,0.4020100502512656,0.20100502512564172,-0.40201005025124775
157,2021-10-26 00:46:40,9.95,9.94,9.99,9.94,487393,-0.1005025125628119,9.94,10.02,10.01,9.99,9.94,9.93,0.0,0.7042253521126789,0.5030181086519186,0.0,-0.10060362173038015
158,2021-10-27 00:46:40,9.94,9.94,9.97,9.94,7530,0.0,10.01,9.98,10.01,9.96,9.945,9.92,0.7042253521126789,0.7042253521126789,0.20120724346077817,0.05030181086519901,-0.2012072434607603
159,2021-10-28 00:46:40,10.1,10.01,10.11,10.0,5836926,-0.8910891089108898,10.02,10.01,9.99,9.97,9.95,9.91,0.09990009990009778,-0.19980019980019556,-0.3996003996003911,-0.5994005994006043,-0.9990009990009955
160,2021-10-29 00:46:40,10.01,10.02,10.0233,10.0,998320,0.0999000999000977,9.98,10.01,10.0,9.98,9.97,9.9,-0.3992015968063787,-0.19960079840318934,-0.3992015968063787,-0.49900199600797346,-1.197604790419154
161,2021-11-01 00:46:40,10.03,9.98,10.03,9.97,303425,-0.4985044865403683,10.01,9.99,9.99,10.0,9.93,9.86,0.3006012024048032,0.10020040080160107,0.20040080160320214,-0.5010020040080231,-1.2024048096192483
162,2021-11-02 00:46:40,9.97,10.01,10.01,9.97,265960,0.4012036108324889,10.01,10.0,9.99,10.01,9.93,9.87,0.0,-0.19980019980019556,0.0,-0.7992007992007999,-1.3986013986014043
163,2021-11-03 00:46:40,9.99,10.01,10.01,9.99,126702,0.2002002002001959,9.99,9.99,9.96,9.95,9.9,9.88,-0.19980019980019556,-0.4995004995004888,-0.5994005994006043,-1.0989010989010932,-1.2987012987012887
164,2021-11-04 00:46:40,9.99,9.99,10.005,9.99,211181,0.0,10.0,9.99,9.97,9.96,9.88,9.83,0.10010010010009797,-0.20020020020019594,-0.30030030030029387,-1.1011011011010954,-1.601601601601603
165,2021-11-05 00:46:40,10.0,10.0,10.01,9.98,112234,0.0,9.99,9.96,9.98,9.97,9.88,9.89,-0.09999999999999788,-0.19999999999999576,-0.2999999999999936,-1.1999999999999922,-1.0999999999999943
166,2021-11-08 00:46:40,10.01,9.99,10.01,9.97,84314,-0.1998001998001955,9.99,9.97,10.0,9.97,9.91,9.85,0.0,0.10010010010009797,-0.20020020020019594,-0.8008008008008015,-1.4014014014014071
167,2021-11-09 00:46:40,10.01,9.99,10.01,9.98,144605,-0.1998001998001955,9.96,9.98,10.01,9.94,9.93,9.85,-0.30030030030029387,0.20020020020019594,-0.5005005005005077,-0.6006006006006055,-1.4014014014014071
168,2021-11-10 00:46:40,9.99,9.96,9.99,9.96,23997,-0.3003003003002938,9.97,10.0,9.95,9.945,9.92,9.95,0.10040160642570066,-0.1004016064257185,-0.15060240963855992,-0.4016064257028205,-0.1004016064257185
169,2021-11-11 00:46:40,9.96,9.97,9.97,9.96,3353,0.1004016064257006,9.98,10.01,9.96,9.95,9.91,9.95,0.10030090270812222,-0.10030090270812222,-0.20060180541626227,-0.6018054162487513,-0.20060180541626227
170,2021-11-12 00:46:40,9.95,9.98,10.01,9.95,298221,0.3015075376884536,10.0,9.95,9.97,9.97,9.9,9.96,0.20040080160320214,-0.10020040080160107,-0.10020040080160107,-0.8016032064128262,-0.20040080160320214
171,2021-11-15 00:46:40,9.99,10.0,10.03,9.96,276974,0.1001001001000979,10.01,9.96,9.97,9.93,9.86,9.96,0.09999999999999788,-0.2999999999999936,-0.7000000000000028,-1.4000000000000057,-0.39999999999999153
172,2021-11-16 00:46:40,10.01,10.01,10.01,9.95,98827,0.0,9.95,9.97,9.94,9.93,9.87,9.96,-0.5994005994006043,-0.6993006993007022,-0.7992007992007999,-1.3986013986014043,-0.4995004995004888
173,2021-11-17 00:46:40,9.99,9.95,10.0,9.95,1261345,-0.4004004004004097,9.96,9.97,9.945,9.9,9.88,9.97,0.10050251256282978,-0.050251256281397046,-0.5025125628140596,-0.7035175879396836,0.20100502512564172
174,2021-11-18 00:46:40,9.95,9.96,9.98,9.93,218904,0.1005025125628297,9.97,9.94,9.95,9.88,9.83,9.96,0.10040160642570066,-0.1004016064257185,-0.8032128514056232,-1.3052208835341443,0.0
175,2021-11-19 00:46:40,9.97,9.97,9.985,9.95,218875,0.0,9.97,9.945,9.97,9.88,9.89,9.97,0.0,0.0,-0.9027081243731179,-0.8024072216649957,0.0
176,2021-11-22 00:46:40,9.96,9.97,9.99,9.95,5739,0.1004016064257006,9.94,9.95,9.93,9.91,9.85,9.96,-0.3009027081243845,-0.4012036108325068,-0.6018054162487513,-1.2036108324975026,-0.10030090270812222
177,2021-11-23 00:46:40,9.93,9.94,9.97,9.93,13510,0.1007049345417904,9.945,9.97,9.93,9.93,9.85,9.95,0.05030181086519901,-0.10060362173038015,-0.10060362173038015,-0.9054325955734392,0.10060362173038015
178,2021-11-24 00:46:40,9.95,9.945,9.95,9.92,55611,-0.050251256281397,9.95,9.93,9.9,9.92,9.95,9.96,0.050276520864746155,-0.4524886877828047,-0.25138260432378434,0.050276520864746155,0.15082956259427419
179,2021-11-26 00:46:40,9.9227,9.95,9.95,9.922,6791,0.2751267296199476,9.97,9.93,9.88,9.91,9.95,9.96,0.20100502512564172,-0.7035175879396836,-0.40201005025124775,0.0,0.10050251256282978
180,2021-11-29 00:46:40,9.98,9.97,10.0,9.93,112181,-0.100200400801601,9.93,9.9,9.88,9.9,9.96,9.56,-0.4012036108325068,-0.9027081243731179,-0.7021063189568734,-0.10030090270812222,-4.112337011033101
181,2021-11-30 00:46:40,9.98,9.93,9.98,9.93,560055,-0.5010020040080231,9.93,9.88,9.91,9.86,9.96,9.38,0.0,-0.2014098690835808,-0.7049345417925507,0.3021148036253891,-5.53877139979858
182,2021-12-01 00:46:40,9.95,9.93,9.95,9.93,1027606,-0.2010050251256238,9.9,9.88,9.93,9.87,9.96,8.86,-0.30211480362537124,0.0,-0.6042296072507604,0.3021148036253891,-10.775427995971807
183,2021-12-02 00:46:40,9.94,9.9,9.94,9.9,260576,-0.4024144869215206,9.88,9.91,9.92,9.88,9.97,8.48,-0.20202020202019771,0.20202020202019771,-0.20202020202019771,0.7070707070707098,-14.34343434343434
184,2021-12-03 00:46:40,9.9,9.88,9.91,9.88,94267,-0.2020202020201977,9.88,9.93,9.91,9.83,9.96,8.37,0.0,0.30364372469634976,-0.5060728744939342,0.8097165991902842,-15.283400809716612
185,2021-12-06 00:46:40,9.89,9.88,9.92,9.88,597862,-0.101112234580382,9.91,9.92,9.9,9.89,9.97,8.22,0.30364372469634976,0.20242914979756652,0.10121457489878326,0.9109311740890673,-16.801619433198383
186,2021-12-07 00:46:40,9.89,9.91,9.91,9.89,49164,0.2022244691607641,9.93,9.91,9.86,9.85,9.96,8.22,0.20181634712411275,-0.5045408678102997,-0.6054490413723561,0.5045408678102997,-17.053481331987886
187,2021-12-08 00:46:40,9.93,9.93,9.94,9.89,69744,0.0,9.92,9.9,9.87,9.85,9.95,8.11,-0.1007049345417904,-0.6042296072507604,-0.8056394763343411,0.2014098690835808,-18.32829808660625
188,2021-12-09 00:46:40,9.915,9.92,9.93,9.915,9561,0.0504286434694985,9.91,9.86,9.88,9.95,9.96,7.15,-0.10080645161290108,-0.40322580645160433,0.30241935483870325,0.40322580645162226,-27.92338709677419
189,2021-12-10 00:46:40,9.92,9.91,9.93,9.8901,39630,-0.100806451612901,9.9,9.87,9.83,9.95,9.96,7.66,-0.10090817356205638,-0.8072653884964689,0.4036326942482255,0.5045408678102997,-22.70433905146317
190,2021-12-13 00:46:40,9.9,9.9,9.92,9.9,83746,0.0,9.86,9.88,9.89,9.96,9.56,8.35,-0.4040404040404133,-0.10101010101009886,0.6060606060606111,-3.434343434343433,-15.656565656565663
191,2021-12-14 00:46:40,9.9,9.86,9.94,9.85,278151,-0.4040404040404133,9.87,9.83,9.85,9.96,9.38,9.36,0.10141987829614389,-0.10141987829614389,1.014198782961475,-4.868154158214997,-5.070993914807302
192,2021-12-15 00:46:40,9.89,9.87,9.89,9.87,229830,-0.202224469160782,9.88,9.89,9.85,9.96,8.86,8.92,0.10131712259373417,-0.20263424518743237,0.9118541033434816,-10.233029381965551,-9.625126646403235
193,2021-12-16 00:46:40,9.88,9.88,9.9,9.87,132288,0.0,9.83,9.85,9.95,9.97,8.48,9.52,-0.5060728744939342,0.7085020242914828,0.9109311740890673,-14.170040485829963,-3.6437246963562875
194,2021-12-17 00:46:40,9.87,9.83,9.88,9.83,155226,-0.4052684903748647,9.89,9.85,9.95,9.96,8.37,10.11,0.6103763987792522,1.2207527975584864,1.3224821973550436,-14.852492370295023,2.8484231943031473
195,2021-12-20 00:46:40,9.855,9.89,9.89,9.85,1348881,0.3551496702181648,9.85,9.95,9.96,9.97,8.22,10.19,-0.4044489383215462,0.7077856420626925,0.8088978766430746,-16.885743174924166,3.033367037411516
196,2021-12-21 00:46:40,9.85,9.85,9.86,9.85,36985,0.0,9.85,9.95,9.96,9.96,8.22,9.91,0.0,1.1167512690355452,1.1167512690355452,-16.5482233502538,0.6091370558375686
197,2021-12-22 00:46:40,9.86,9.85,9.88,9.85,18774,-0.1014198782961438,9.95,9.96,9.96,9.95,8.11,10.11,1.0152284263959355,1.1167512690355452,1.0152284263959355,-17.664974619289342,2.6395939086294398
198,2021-12-23 00:46:40,9.91,9.95,9.955,9.91,549334,0.4036326942482255,9.95,9.96,9.97,9.96,7.15,9.99,0.0,0.20100502512564172,0.10050251256282978,-28.14070351758793,0.4020100502512656
199,2021-12-27 00:46:40,9.95,9.95,9.965,9.95,1043680,0.0,9.96,9.96,9.96,9.96,7.66,10.42,0.10050251256282978,0.10050251256282978,0.10050251256282978,-23.015075376884415,4.723618090452268
200,2021-12-28 00:46:40,9.96,9.96,9.97,9.955,831583,0.0,9.96,9.97,9.97,9.56,8.35,10.61,0.0,0.10040160642570066,-4.016064257028116,-16.164658634538164,6.526104417670668
201,2021-12-29 00:46:40,9.97,9.96,9.98,9.95,1154491,-0.1003009027081222,9.96,9.96,9.96,9.38,9.36,9.5,0.0,0.0,-5.8232931726907635,-6.024096385542182,-4.618473895582338
202,2021-12-30 00:46:40,9.96,9.96,9.976,9.95,597810,0.0,9.97,9.97,9.95,8.86,8.92,9.0,0.10040160642570066,-0.1004016064257185,-11.044176706827322,-10.4417670682731,-9.638554216867478
203,2021-12-31 00:46:40,9.98,9.97,9.98,9.955,588336,-0.100200400801601,9.96,9.96,9.96,8.48,9.52,7.85,-0.10030090270812222,-0.10030090270812222,-14.944834503510531,-4.513540621865608,-21.263791374122377
204,2022-01-03 00:46:40,9.98,9.96,9.98,9.95,774340,-0.2004008016032021,9.97,9.95,9.96,8.37,10.11,7.28,0.10040160642570066,0.0,-15.963855421686763,1.5060240963855278,-26.907630522088354
205,2022-01-04 00:46:40,9.97,9.97,9.98,9.95,1164614,0.0,9.96,9.96,9.56,8.22,10.19,7.03,-0.10030090270812222,-4.112337011033101,-17.552657973921765,2.206619859578725,-29.488465396188566
206,2022-01-05 00:46:40,9.97,9.96,9.98,9.95,550500,-0.1003009027081222,9.95,9.96,9.38,8.22,9.91,6.82,-0.1004016064257185,-5.8232931726907635,-17.46987951807229,-0.5020080321285212,-31.526104417670687
207,2022-01-06 00:46:40,9.95,9.95,9.96,9.935,4250036,0.0,9.96,9.56,8.86,8.11,10.11,6.99,0.10050251256282978,-10.954773869346733,-18.492462311557787,1.6080402010050268,-29.74874371859296
208,2022-01-07 00:46:40,9.95,9.96,9.97,9.82,2281577,0.1005025125628297,9.96,9.38,8.48,7.15,9.99,6.13,0.0,-14.85943775100402,-28.21285140562249,0.30120481927710197,-38.453815261044184
209,2022-01-10 00:46:40,9.94,9.96,9.97,9.9,535288,0.2012072434607781,9.56,8.86,8.37,7.66,10.42,5.25,-4.016064257028116,-15.963855421686763,-23.09236947791165,4.618473895582319,-47.28915662650603
210,2022-01-11 00:46:40,9.85,9.56,9.89,9.4366,149235,-2.944162436548215,9.38,8.48,8.22,8.35,10.61,4.83,-1.8828451882845159,-14.016736401673638,-12.656903765690386,10.983263598326348,-49.47698744769875
211,2022-01-12 00:46:40,9.59,9.38,9.66,9.355,116041,-2.1897810218978004,8.86,8.37,8.22,9.36,9.5,5.7,-5.543710021321976,-12.366737739872068,-0.21321961620470523,1.2793176972281364,-39.23240938166311
212,2022-01-13 00:46:40,9.37,8.86,9.42,8.84,71963,-5.442902881536818,8.48,8.22,8.11,8.92,9.0,6.01,-4.2889390519187245,-8.465011286681715,0.6772009029345428,1.5801354401805936,-32.167042889390515
213,2022-01-14 00:46:40,8.83,8.48,8.9685,8.31,193625,-3.963759909399769,8.37,8.22,7.15,9.52,7.85,5.84,-1.2971698113207688,-15.683962264150944,12.264150943396215,-7.4292452830188775,-31.132075471698116
214,2022-01-18 00:46:40,8.49,8.37,9.0102,8.24,402695,-1.4134275618374674,8.22,8.11,7.66,10.11,7.28,5.59,-1.792114695340485,-8.4826762246117,20.788530465949826,-13.022700119474301,-33.21385902031063
215,2022-01-19 00:46:40,8.95,8.22,8.95,8.22,76645,-8.156424581005572,8.22,7.15,8.35,10.19,7.03,5.29,0.0,1.5815085158150728,23.96593673965935,-14.476885644768862,-35.6447688564477
216,2022-01-20 00:46:40,8.44,8.22,8.82,8.0,287158,-2.606635071090034,8.11,7.66,9.36,9.91,6.82,5.13,-1.3381995133820097,13.868613138686115,20.5596107055961,-17.031630170316305,-37.59124087591241
217,2022-01-21 00:46:40,8.22,8.11,8.49,8.0,206375,-1.3381995133820097,7.15,8.35,8.92,10.11,6.99,4.71,-11.837237977805168,9.987669543773126,24.66091245376079,-13.810110974106033,-41.923551171393335
218,2022-01-24 00:46:40,8.01,7.15,8.155,7.0001,187260,-10.736579275905113,7.66,9.36,9.52,9.99,6.13,5.05,7.13286713286713,33.14685314685313,39.72027972027972,-14.265734265734272,-29.370629370629374
219,2022-01-25 00:46:40,7.06,7.66,8.2899,7.05,296762,8.498583569405108,8.35,8.92,10.11,10.42,5.25,4.94,9.007832898172317,31.98433420365534,36.03133159268929,-31.462140992167104,-35.50913838120104
220,2022-01-26 00:46:40,7.7,8.35,8.58,7.43,216628,8.441558441558435,9.36,9.52,10.19,10.61,4.83,4.98,12.09580838323353,22.035928143712574,27.065868263473053,-42.15568862275449,-40.359281437125745
221,2022-01-27 00:46:40,8.64,9.36,9.5,8.05,287392,8.33333333333332,8.92,10.11,9.91,9.5,5.7,4.67,-4.700854700854696,5.8760683760683845,1.495726495726502,-39.102564102564095,-50.10683760683761
222,2022-01-28 00:46:40,9.19,8.92,9.99,8.15,247618,-2.9379760609357954,9.52,10.19,10.11,9.0,6.01,4.72,6.7264573991031344,13.340807174887887,0.896860986547086,-32.62331838565022,-47.08520179372198
223,2022-01-31 00:46:40,8.94,9.52,9.93,8.14,337337,6.487695749440717,10.11,9.91,9.99,7.85,5.84,4.75,6.197478991596637,4.936974789915973,-17.54201680672269,-38.655462184873954,-50.10504201680672
224,2022-02-01 00:46:40,9.89,10.11,10.43,9.61,392992,2.2244691607684413,10.19,10.11,10.42,7.28,5.59,4.62,0.7912957467853617,3.066271018793279,-27.992087042532138,-44.70820969337289,-54.3026706231454
225,2022-02-02 00:46:40,10.19,10.19,10.74,9.9,220201,0.0,9.91,9.99,10.61,7.03,5.29,4.61,-2.747791952894989,4.121687929342492,-31.010794896957794,-48.086359175662416,-54.75956820412168
226,2022-02-03 00:46:40,10.14,9.91,10.44,9.5,171912,-2.268244575936888,10.11,10.42,9.5,6.82,5.13,4.43,2.0181634712411634,-4.1372351160444,-31.180625630676083,-48.23410696266397,-55.29767911200808
227,2022-02-04 00:46:40,9.89,10.11,10.33,9.52,113314,2.2244691607684413,9.99,10.61,9.0,6.99,4.71,4.68,-1.186943620178034,-10.979228486646878,-30.860534124629073,-53.41246290801187,-53.70919881305638
228,2022-02-07 00:46:40,10.0,9.99,10.29,9.01,285833,-0.0999999999999978,10.42,9.5,7.85,6.13,5.05,4.78,4.304304304304302,-21.421421421421428,-38.63863863863864,-49.44944944944945,-52.152152152152155
229,2022-02-08 00:46:40,10.11,10.42,10.88,9.5294,168569,3.066271018793279,10.61,9.0,7.28,5.25,4.94,4.44,1.8234165067178454,-30.134357005758154,-49.61612284069098,-52.59117082533589,-57.38963531669865
230,2022-02-09 00:46:40,10.38,10.61,10.8,10.08,386636,2.215799614643532,9.5,7.85,7.03,4.83,4.98,4.8,-10.461828463713472,-33.74175306314797,-54.47690857681432,-53.063147973609794,-54.759660697455224
231,2022-02-10 00:46:40,10.1,9.5,10.2,9.42,779941,-5.940594059405938,9.0,7.28,6.82,5.7,4.67,4.32,-5.263157894736842,-28.21052631578947,-40.0,-50.8421052631579,-54.52631578947368
232,2022-02-11 00:46:40,9.4,9.0,9.7999,8.46,264389,-4.255319148936174,7.85,7.03,6.99,6.01,4.72,4.15,-12.777777777777782,-22.33333333333333,-33.22222222222223,-47.55555555555556,-53.888888888888886
233,2022-02-14 00:46:40,8.84,7.85,8.84,7.67,238238,-11.199095022624435,7.28,6.82,6.13,5.84,4.75,4.83,-7.26114649681528,-21.910828025477706,-25.605095541401273,-39.49044585987261,-38.47133757961783
234,2022-02-15 00:46:40,7.77,7.28,7.9117,7.18,670665,-6.306306306306297,7.03,6.99,5.25,5.59,4.62,4.84,-3.434065934065934,-27.884615384615387,-23.21428571428572,-36.53846153846154,-33.51648351648352
235,2022-02-16 00:46:40,7.4,7.03,7.5293,6.86,163408,-5.000000000000001,6.82,6.13,4.83,5.29,4.61,4.75,-2.9871977240398286,-31.29445234708393,-24.751066856330016,-34.42389758179232,-32.432432432432435
236,2022-02-17 00:46:40,6.94,6.82,7.3,6.6,999093,-1.7291066282420764,6.99,5.25,5.7,5.13,4.43,4.83,2.4926686217008784,-16.42228739002933,-24.780058651026398,-35.04398826979473,-29.178885630498534
237,2022-02-18 00:46:40,6.76,6.99,7.87,6.44,2394520,3.402366863905332,6.13,4.83,6.01,4.71,4.68,4.8,-12.303290414878402,-14.020028612303296,-32.61802575107296,-33.04721030042919,-31.330472103004297
238,2022-02-22 00:46:40,6.96,6.13,6.98,5.83,873735,-11.92528735632184,5.25,5.7,5.84,5.05,4.78,4.85,-14.355628058727568,-4.730831973898859,-17.618270799347474,-22.02283849918433,-20.880913539967377
239,2022-02-23 00:46:40,6.17,5.25,6.38,5.12,1092743,-14.910858995137763,4.83,6.01,5.59,4.94,4.44,4.59,-7.999999999999999,6.476190476190473,-5.904761904761897,-15.428571428571422,-12.571428571428575
240,2022-02-24 00:46:40,4.99,4.83,5.09,4.52,888399,-3.206412825651305,5.7,5.84,5.29,4.98,4.8,4.37,18.012422360248447,9.523809523809524,3.1055900621118084,-0.6211180124223654,-9.523809523809524
241,2022-02-25 00:46:40,4.83,5.7,5.88,4.8,1097776,18.012422360248447,6.01,5.59,5.13,4.67,4.32,4.39,5.438596491228063,-10.000000000000005,-18.070175438596493,-24.210526315789473,-22.982456140350884
242,2022-02-28 00:46:40,5.51,6.01,6.13,5.4539,597353,9.074410163339383,5.84,5.29,4.71,4.72,4.15,4.49,-2.828618968386022,-21.630615640599,-21.46422628951747,-30.948419301164716,-25.291181364392674
243,2022-03-01 00:46:40,6.14,5.84,6.14,5.82,569789,-4.885993485342017,5.59,5.13,5.05,4.75,4.83,4.56,-4.280821917808219,-13.527397260273974,-18.66438356164383,-17.294520547945204,-21.917808219178088
244,2022-03-02 00:46:40,5.94,5.59,6.14,5.5,511846,-5.892255892255901,5.29,4.71,4.94,4.62,4.84,4.57,-5.366726296958852,-11.627906976744177,-17.35241502683363,-13.416815742397137,-18.2468694096601
245,2022-03-03 00:46:40,5.63,5.29,5.96,5.22,289107,-6.039076376554172,5.13,5.05,4.98,4.61,4.75,4.72,-3.0245746691871482,-5.860113421550087,-12.854442344045363,-10.207939508506616,-10.775047258979212
246,2022-03-04 00:46:40,5.22,5.13,5.46,5.0,261329,-1.72413793103448,4.71,4.94,4.67,4.43,4.83,4.74,-8.187134502923975,-8.966861598440545,-13.645224171539965,-5.847953216374266,-7.602339181286544
247,2022-03-07 00:46:40,5.19,4.71,5.22,4.22,1239140,-9.248554913294806,5.05,4.98,4.72,4.68,4.8,4.73,7.2186836518046675,0.21231422505307404,-0.636942675159241,1.9108280254777041,0.4246284501061669
248,2022-03-08 00:46:40,4.68,5.05,5.23,4.64,866998,7.905982905982908,4.94,4.67,4.75,4.78,4.85,4.9,-2.178217821782167,-5.940594059405938,-5.346534653465338,-3.960396039603964,-2.9702970297029596
249,2022-03-09 00:46:40,5.31,4.94,5.39,4.92,593836,-6.967984934086615,4.98,4.72,4.62,4.44,4.59,4.36,0.8097165991902842,-6.477732793522273,-10.121457489878543,-7.0850202429149896,-11.74089068825911
250,2022-03-10 00:46:40,4.3,4.98,5.115,4.2876,774546,15.813953488372109,4.67,4.75,4.61,4.8,4.37,4.15,-6.224899598393583,-7.42971887550201,-3.614457831325313,-12.248995983935748,-16.666666666666664
251,2022-03-11 00:46:40,4.87,4.67,5.2704,4.66,553026,-4.106776180698155,4.72,4.62,4.43,4.32,4.39,4.13,1.0706638115631655,-5.139186295503217,-7.494646680942177,-5.995717344753753,-11.563169164882229
252,2022-03-14 00:46:40,4.73,4.72,5.04,4.68,515495,-0.2114164904862721,4.75,4.61,4.68,4.15,4.49,4.03,0.6355932203389884,-0.8474576271186449,-12.076271186440666,-4.8728813559321935,-14.618644067796602
253,2022-03-15 00:46:40,4.77,4.75,5.07,4.73,419664,-0.419287211740033,4.62,4.43,4.78,4.83,4.56,4.12,-2.7368421052631557,0.6315789473684263,1.6842105263157907,-4.000000000000008,-13.26315789473684
254,2022-03-16 00:46:40,4.7,4.62,5.06,4.53,609651,-1.7021276595744694,4.61,4.68,4.44,4.84,4.57,4.48,-0.2164502164502118,-3.89610389610389,4.761904761904756,-1.0822510822510785,-3.0303030303030236
255,2022-03-17 00:46:40,4.64,4.61,4.9,4.6,374323,-0.6465517241379173,4.43,4.78,4.8,4.75,4.72,4.49,-3.904555314533635,4.121475054229924,3.036876355748366,2.3861171366594234,-2.6030368763557505
256,2022-03-18 00:46:40,4.63,4.43,4.71,4.15,5245038,-4.319654427645792,4.68,4.44,4.32,4.83,4.74,4.26,5.643340857787811,-2.483069977426624,9.029345372460504,6.997742663656896,-3.8374717832957095
257,2022-03-21 00:46:40,4.5,4.68,4.82,4.3,443180,3.999999999999994,4.78,4.8,4.15,4.8,4.73,4.2,2.1367521367521483,-11.324786324786313,2.5641025641025665,1.0683760683760837,-10.256410256410248
258,2022-03-22 00:46:40,4.66,4.78,4.91,4.61,342839,2.5751072961373414,4.44,4.32,4.83,4.85,4.9,3.94,-7.112970711297067,1.0460251046025069,1.464435146443502,2.510460251046027,-17.57322175732218
259,2022-03-23 00:46:40,4.78,4.44,4.89,4.38,441500,-7.112970711297067,4.8,4.15,4.84,4.59,4.36,3.52,8.108108108108095,9.009009009008997,3.378378378378366,-1.8018018018018032,-20.720720720720728
260,2022-03-24 00:46:40,4.47,4.8,4.88,4.45,534938,7.382550335570472,4.32,4.83,4.75,4.37,4.15,3.15,-9.999999999999991,-1.041666666666663,-8.958333333333329,-13.541666666666657,-34.375
261,2022-03-25 00:46:40,4.79,4.32,4.9,4.3,388427,-9.81210855949895,4.15,4.84,4.83,4.39,4.13,2.75,-3.9351851851851833,11.80555555555555,1.6203703703703565,-4.398148148148157,-36.342592592592595
262,2022-03-28 00:46:40,4.34,4.15,4.4799,4.05,560389,-4.377880184331786,4.83,4.75,4.8,4.49,4.03,2.37,16.38554216867469,15.662650602409625,8.192771084337345,-2.891566265060243,-42.89156626506024
263,2022-03-29 00:46:40,4.24,4.83,4.85,4.24,898128,13.91509433962264,4.84,4.83,4.85,4.56,4.12,2.39,0.20703933747411568,0.41407867494823136,-5.5900621118012515,-14.699792960662524,-50.5175983436853
264,2022-03-30 00:46:40,4.83,4.84,4.9198,4.76,764273,0.2070393374741156,4.75,4.8,4.59,4.57,4.48,2.24,-1.8595041322314023,-5.1652892561983474,-5.578512396694206,-7.438016528925609,-53.71900826446281
265,2022-03-31 00:46:40,4.83,4.75,4.85,4.74,509026,-1.656314699792962,4.83,4.85,4.37,4.72,4.49,2.11,1.6842105263157907,-7.999999999999997,-0.6315789473684263,-5.4736842105263115,-55.57894736842105
266,2022-04-01 00:46:40,4.79,4.83,4.86,4.76,798445,0.835073068893529,4.8,4.59,4.39,4.74,4.26,1.94,-0.6211180124223654,-9.109730848861291,-1.8633540372670776,-11.80124223602485,-59.83436853002071
267,2022-04-04 00:46:40,4.84,4.8,5.11,4.77,754533,-0.8264462809917362,4.85,4.37,4.49,4.73,4.2,1.93,1.041666666666663,-6.458333333333326,-1.4583333333333208,-12.499999999999993,-59.79166666666668
268,2022-04-05 00:46:40,4.78,4.85,5.03,4.6,776287,1.464435146443502,4.59,4.39,4.56,4.9,3.94,1.77,-5.360824742268037,-5.97938144329897,1.0309278350515612,-18.762886597938138,-63.50515463917525
269,2022-04-06 00:46:40,4.88,4.59,4.9,4.56,656694,-5.942622950819673,4.37,4.49,4.57,4.36,3.52,1.8,-4.793028322440082,-0.43572984749454413,-5.010893246187354,-23.311546840958602,-60.7843137254902
270,2022-04-07 00:46:40,4.57,4.37,4.84,4.31,702495,-4.376367614879653,4.39,4.56,4.72,4.15,3.15,1.75,0.4576659038901504,8.009153318077795,-5.0343249427917565,-27.917620137299775,-59.95423340961098
271,2022-04-08 00:46:40,4.4,4.39,4.67,4.33,469044,-0.2272727272727426,4.49,4.57,4.74,4.13,2.75,2.23,2.2779043280182356,7.972665148063794,-5.922551252847376,-37.35763097949886,-49.20273348519362
272,2022-04-11 00:46:40,4.38,4.49,4.7,4.31,345148,2.5114155251141628,4.56,4.72,4.73,4.03,2.37,1.99,1.5590200445434164,5.345211581291764,-10.244988864142538,-47.216035634743875,-55.67928730512249
273,2022-04-12 00:46:40,4.55,4.56,4.75,4.51,418876,0.219780219780215,4.57,4.74,4.9,4.12,2.39,1.95,0.2192982456140499,7.45614035087721,-9.649122807017534,-47.58771929824561,-57.23684210526315
274,2022-04-13 00:46:40,4.5,4.57,4.91,4.49,401965,1.555555555555562,4.72,4.73,4.36,4.48,2.24,2.16,3.282275711159725,-4.595185995623631,-1.9693654266958391,-50.984682713347915,-52.735229759299784
275,2022-04-14 00:46:40,4.57,4.72,4.83,4.49,196775,3.282275711159725,4.74,4.9,4.15,4.49,2.11,2.26,0.42372881355933184,-12.076271186440666,-4.8728813559321935,-55.29661016949152,-52.118644067796616
276,2022-04-18 00:46:40,4.7,4.74,4.85,4.6113,260923,0.8510638297872347,4.73,4.36,4.13,4.26,1.94,2.25,-0.21097046413501658,-12.869198312236293,-10.12658227848102,-59.07172995780591,-52.53164556962025
277,2022-04-19 00:46:40,4.68,4.73,4.88,4.68,347527,1.0683760683760837,4.9,4.15,4.03,4.2,1.93,2.21,3.5940803382663833,-14.799154334038056,-11.205073995771675,-59.19661733615222,-53.276955602537
278,2022-04-20 00:46:40,4.8,4.9,5.06,4.8,556413,2.0833333333333446,4.36,4.13,4.12,3.94,1.77,2.45,-11.020408163265307,-15.91836734693878,-19.591836734693885,-63.87755102040816,-50.0
279,2022-04-21 00:46:40,5.0,4.36,5.0,4.29,340055,-12.799999999999995,4.15,4.03,4.48,3.52,1.8,2.39,-4.816513761467888,2.7522935779816535,-19.266055045871568,-58.71559633027523,-45.18348623853211
280,2022-04-22 00:46:40,4.33,4.15,4.43,4.14,259503,-4.157043879907615,4.13,4.12,4.49,3.15,1.75,1.81,-0.48192771084338454,8.192771084337345,-24.096385542168683,-57.83132530120483,-56.3855421686747
281,2022-04-25 00:46:40,4.05,4.13,4.3897,3.91,429585,1.9753086419753103,4.03,4.48,4.26,2.75,2.23,1.83,-2.4213075060532603,3.1476997578692467,-33.41404358353511,-46.0048426150121,-55.69007263922517
282,2022-04-26 00:46:40,4.08,4.03,4.22,3.93,355392,-1.225490196078427,4.12,4.49,4.2,2.37,1.99,1.95,2.233250620347391,4.21836228287841,-41.19106699751861,-50.62034739454094,-51.61290322580645
283,2022-04-27 00:46:40,4.02,4.12,4.25,4.01,425879,2.48756218905474,4.48,4.26,3.94,2.39,1.95,1.78,8.73786407766991,-4.368932038834955,-41.99029126213592,-52.66990291262136,-56.79611650485437
284,2022-04-28 00:46:40,4.25,4.48,4.5,4.01,437969,5.411764705882363,4.49,4.2,3.52,2.24,2.16,1.71,0.22321428571428092,-21.428571428571434,-50.0,-51.78571428571429,-61.83035714285715
285,2022-04-29 00:46:40,4.44,4.49,4.735,4.1,416696,1.1261261261261222,4.26,3.94,3.15,2.11,2.26,1.49,-5.122494432071278,-29.84409799554566,-53.00668151447662,-49.66592427616927,-66.815144766147
286,2022-05-02 00:46:40,4.49,4.26,4.49,4.24,187988,-5.122494432071278,4.2,3.52,2.75,1.94,2.25,1.43,-1.408450704225343,-35.44600938967136,-54.460093896713616,-47.183098591549296,-66.43192488262912
287,2022-05-03 00:46:40,4.37,4.2,4.37,4.07,186080,-3.89016018306636,3.94,3.15,2.37,1.93,2.21,1.55,-6.190476190476195,-43.57142857142857,-54.04761904761906,-47.38095238095239,-63.0952380952381
288,2022-05-04 00:46:40,4.28,3.94,4.28,3.78,429544,-7.943925233644866,3.52,2.75,2.39,1.77,2.45,1.28,-10.659898477157359,-39.34010152284264,-55.0761421319797,-37.817258883248726,-67.51269035532995
289,2022-05-05 00:46:40,3.91,3.52,3.99,3.51,271938,-9.974424552429667,3.15,2.37,2.24,1.8,2.39,1.52,-10.51136363636364,-36.36363636363636,-48.86363636363637,-32.10227272727273,-56.81818181818182
290,2022-05-06 00:46:40,3.51,3.15,3.51,3.14,269398,-10.256410256410254,2.75,2.39,2.11,1.75,1.81,1.34,-12.698412698412694,-33.01587301587302,-44.44444444444444,-42.53968253968254,-57.460317460317455
291,2022-05-09 00:46:40,3.24,2.75,3.24,2.72,609038,-15.123456790123464,2.37,2.24,1.94,2.23,1.83,1.29,-13.818181818181815,-29.454545454545457,-18.90909090909091,-33.45454545454545,-53.090909090909086
292,2022-05-10 00:46:40,2.82,2.37,2.865,2.35,819685,-15.95744680851063,2.39,2.11,1.93,1.99,1.95,1.3,0.8438818565400852,-18.565400843881864,-16.03375527426161,-17.721518987341778,-45.14767932489451
293,2022-05-11 00:46:40,2.36,2.39,2.79,2.34,827093,1.2711864406779767,2.24,1.94,1.77,1.95,1.78,1.35,-6.276150627615058,-25.94142259414226,-18.41004184100419,-25.52301255230126,-43.51464435146443
294,2022-05-12 00:46:40,2.29,2.24,2.31,2.06,831074,-2.18340611353711,2.11,1.93,1.8,2.16,1.71,1.24,-5.803571428571443,-19.64285714285715,-3.571428571428574,-23.660714285714292,-44.64285714285715
295,2022-05-13 00:46:40,2.27,2.11,2.3075,2.09,886917,-7.048458149779742,1.94,1.77,1.75,2.26,1.49,1.1,-8.056872037914689,-17.06161137440758,7.109004739336489,-29.383886255924168,-47.86729857819905
296,2022-05-16 00:46:40,2.14,1.94,2.14,1.89,789322,-9.345794392523372,1.93,1.8,2.23,2.25,1.43,1.03,-0.5154639175257737,14.948453608247425,15.979381443298973,-26.288659793814436,-46.90721649484536
297,2022-05-17 00:46:40,1.95,1.93,1.99,1.9,363769,-1.0256410256410264,1.77,1.75,1.99,2.21,1.55,1.04,-8.290155440414503,3.108808290155443,14.50777202072539,-19.68911917098445,-46.1139896373057
298,2022-05-18 00:46:40,1.94,1.77,1.99,1.74,715729,-8.762886597938142,1.8,2.23,1.95,2.45,1.28,1.16,1.6949152542372896,10.169491525423725,38.418079096045204,-27.683615819209038,-34.463276836158194
299,2022-05-19 00:46:40,1.72,1.8,1.86,1.67,677106,4.651162790697678,1.75,1.99,2.16,2.39,1.52,1.08,-2.77777777777778,20.000000000000004,32.777777777777786,-15.555555555555555,-40.0
300,2022-05-20 00:46:40,1.78,1.75,1.84,1.73,811655,-1.6853932584269675,2.23,1.95,2.26,1.81,1.34,1.04,27.42857142857143,29.14285714285713,3.4285714285714315,-23.428571428571423,-40.57142857142857
301,2022-05-23 00:46:40,1.78,2.23,2.52,1.78,4921824,25.28089887640449,1.99,2.16,2.25,1.83,1.29,1.14,-10.762331838565022,0.896860986547086,-17.9372197309417,-42.152466367713004,-48.87892376681614
302,2022-05-24 00:46:40,2.13,1.99,2.16,1.925,1222264,-6.57276995305164,1.95,2.26,2.21,1.95,1.3,1.07,-2.010050251256283,11.055276381909547,-2.010050251256283,-34.67336683417086,-46.23115577889447
303,2022-05-25 00:46:40,1.95,1.95,2.099,1.89,587633,0.0,2.16,2.25,2.45,1.78,1.35,0.9386,10.769230769230779,25.641025641025657,-8.717948717948715,-30.769230769230766,-51.866666666666674
304,2022-05-26 00:46:40,1.98,2.16,2.21,1.92,955951,9.0909090909091,2.26,2.21,2.39,1.71,1.24,0.9691,4.629629629629613,10.648148148148147,-20.83333333333334,-42.592592592592595,-55.13425925925925
305,2022-05-27 00:46:40,2.14,2.26,2.33,2.04,848344,5.607476635514002,2.25,2.45,1.81,1.49,1.1,0.9616,-0.44247787610618533,-19.91150442477875,-34.070796460176986,-51.32743362831857,-57.45132743362832
306,2022-05-31 00:46:40,2.27,2.25,2.455,2.16,862978,-0.8810572687224677,2.21,2.39,1.83,1.43,1.03,0.9202,-1.7777777777777795,-18.666666666666664,-36.44444444444444,-54.222222222222214,-59.102222222222224
307,2022-06-01 00:46:40,2.26,2.21,2.39,2.14,516711,-2.212389380530966,2.45,1.81,1.95,1.55,1.04,1.02,10.85972850678734,-11.764705882352942,-29.86425339366516,-52.94117647058824,-53.84615384615385
308,2022-06-02 00:46:40,2.22,2.45,2.73,2.18,1588271,10.360360360360358,2.39,1.83,1.78,1.28,1.16,1.02,-2.4489795918367365,-27.34693877551021,-47.755102040816325,-52.653061224489804,-58.36734693877551
309,2022-06-03 00:46:40,2.41,2.39,2.48,2.26,806053,-0.8298755186721999,1.81,1.95,1.71,1.52,1.08,1.06,-24.267782426778243,-28.451882845188294,-36.40167364016737,-54.811715481171554,-55.64853556485355
310,2022-06-06 00:46:40,2.47,1.81,2.47,1.81,1673060,-26.720647773279357,1.83,1.78,1.49,1.34,1.04,1.14,1.1049723756906087,-17.679558011049725,-25.96685082872928,-42.5414364640884,-37.01657458563537
311,2022-06-07 00:46:40,1.81,1.83,1.86,1.62,2301391,1.104972375690609,1.95,1.71,1.43,1.29,1.14,1.01,6.557377049180321,-21.857923497267766,-29.508196721311474,-37.70491803278689,-44.80874316939891
312,2022-06-08 00:46:40,1.83,1.95,2.05,1.8,1189299,6.557377049180321,1.78,1.49,1.55,1.3,1.07,0.9749,-8.717948717948715,-20.51282051282051,-33.33333333333333,-45.128205128205124,-50.0051282051282
313,2022-06-09 00:46:40,1.95,1.78,1.95,1.73,1064382,-8.717948717948715,1.71,1.43,1.28,1.35,0.9386,1.14,-3.9325842696629247,-28.08988764044944,-24.15730337078651,-47.26966292134831,-35.95505617977528
314,2022-06-10 00:46:40,1.76,1.71,1.81,1.71,868810,-2.840909090909093,1.49,1.55,1.52,1.24,0.9691,1.07,-12.865497076023392,-11.111111111111107,-27.485380116959064,-43.32748538011696,-37.42690058479531
315,2022-06-13 00:46:40,1.7,1.49,1.74,1.42,2390239,-12.352941176470583,1.43,1.28,1.34,1.1,0.9616,1.26,-4.026845637583897,-10.067114093959725,-26.174496644295296,-35.46308724832215,-15.436241610738255
316,2022-06-14 00:46:40,1.6,1.43,1.6,1.4,630922,-10.625000000000009,1.55,1.52,1.29,1.03,0.9202,1.26,8.391608391608399,-9.790209790209783,-27.97202797202797,-35.650349650349646,-11.888111888111883
317,2022-06-15 00:46:40,1.48,1.55,1.6796,1.38,908881,4.729729729729734,1.28,1.34,1.3,1.04,1.02,1.55,-17.419354838709676,-16.129032258064516,-32.903225806451616,-34.193548387096776,0.0
318,2022-06-16 00:46:40,1.46,1.28,1.46,1.26,1021588,-12.328767123287667,1.52,1.29,1.35,1.16,1.02,1.52,18.75,5.468750000000004,-9.375000000000009,-20.3125,18.75
319,2022-06-17 00:46:40,1.27,1.52,1.58,1.27,3349828,19.685039370078737,1.34,1.3,1.24,1.08,1.06,1.72,-11.84210526315789,-18.42105263157895,-28.947368421052627,-30.263157894736842,13.157894736842103
320,2022-06-21 00:46:40,1.58,1.34,1.59,1.33,910208,-15.189873417721516,1.29,1.35,1.1,1.04,1.14,1.59,-3.7313432835820928,-17.91044776119403,-22.388059701492537,-14.925373134328371,18.656716417910445
321,2022-06-22 00:46:40,1.34,1.29,1.37,1.28,601133,-3.7313432835820928,1.3,1.24,1.03,1.14,1.01,1.85,0.7751937984496131,-20.155038759689923,-11.627906976744196,-21.70542635658915,43.4108527131783
322,2022-06-23 00:46:40,1.27,1.3,1.35,1.22,1244005,2.362204724409451,1.35,1.1,1.04,1.07,0.9749,1.84,3.8461538461538494,-20.0,-17.69230769230769,-25.00769230769231,41.53846153846154
323,2022-06-24 00:46:40,1.33,1.35,1.5,1.3,6176486,1.503759398496242,1.24,1.03,1.16,0.9386,1.14,1.86,-8.148148148148154,-14.074074074074087,-30.474074074074082,-15.55555555555557,37.77777777777778
324,2022-06-27 00:46:40,1.35,1.24,1.41,1.2149,1026448,-8.148148148148154,1.1,1.04,1.08,0.9691,1.07,1.85,-11.290322580645155,-12.903225806451607,-21.84677419354839,-13.709677419354833,49.19354838709678
325,2022-06-28 00:46:40,1.28,1.1,1.28,1.06,1634203,-14.062499999999996,1.03,1.16,1.04,0.9616,1.26,2.13,-6.363636363636369,-5.4545454545454595,-12.58181818181819,14.545454545454536,93.63636363636361
326,2022-06-29 00:46:40,1.1,1.03,1.1,1.02,1067733,-6.363636363636369,1.04,1.08,1.14,0.9202,1.26,2.28,0.9708737864077678,10.679611650485425,-10.660194174757281,22.33009708737864,121.35922330097084
327,2022-06-30 00:46:40,1.09,1.04,1.09,0.9173,2321749,-4.587155963302756,1.16,1.04,1.07,1.02,1.55,2.36,11.538461538461526,2.8846153846153872,-1.9230769230769247,49.03846153846153,126.92307692307689
328,2022-07-01 00:46:40,1.0,1.16,1.27,1.0,2091335,15.999999999999991,1.08,1.14,0.9386,1.02,1.52,2.3,-6.896551724137918,-19.08620689655172,-12.068965517241372,31.0344827586207,98.27586206896551
329,2022-07-05 00:46:40,1.19,1.08,1.2,1.0,2092243,-9.243697478991583,1.04,1.07,0.9691,1.06,1.72,2.55,-3.703703703703707,-10.268518518518528,-1.8518518518518534,59.259259259259245,136.1111111111111
330,2022-07-06 00:46:40,1.05,1.04,1.11,1.03,465052,-0.9523809523809532,1.14,0.9386,0.9616,1.14,1.59,1.88,9.615384615384603,-7.538461538461541,9.615384615384603,52.88461538461539,80.76923076923075
331,2022-07-07 00:46:40,1.07,1.14,1.15,1.05,1048696,6.542056074766339,1.07,0.9691,0.9202,1.01,1.85,2.05,-6.140350877192969,-19.280701754385955,-11.403508771929815,62.280701754385994,79.82456140350878
332,2022-07-08 00:46:40,1.12,1.07,1.13,1.06,660469,-4.464285714285718,0.9386,0.9616,1.02,0.9749,1.84,1.94,-12.280373831775707,-4.672897196261686,-8.887850467289727,71.96261682242991,81.30841121495325
333,2022-07-11 00:46:40,1.06,0.9386,1.06,0.93,1419649,-11.45283018867925,0.9691,0.9202,1.02,1.14,1.86,1.89,3.24952056253995,8.67249094395909,21.457489878542503,98.16748348604305,101.3637332196889
334,2022-07-12 00:46:40,0.9387,0.9691,1.03,0.93,915879,3.2385213593267266,0.9616,1.02,1.06,1.07,1.85,2.0,-0.7739139407697814,9.379836962129822,10.411722216489537,90.89877205654733,106.37705087194304
335,2022-07-13 00:46:40,0.9534,0.9616,0.99,0.91,590463,0.8600797147052638,0.9202,1.02,1.14,1.26,2.13,2.22,-4.305324459234608,18.55241264559067,31.03161397670549,121.50582362728784,130.86522462562397
336,2022-07-14 00:46:40,0.9459,0.9202,0.9887,0.901,784075,-2.7169891108996667,1.02,1.06,1.01,1.26,2.28,2.22,10.845468376439904,9.758748098239511,36.926755053249295,147.77222342968918,141.25190176048687
337,2022-07-15 00:46:40,0.96,1.02,1.055,0.905,1195253,6.250000000000005,1.02,1.14,0.9749,1.55,2.36,1.92,0.0,-4.4215686274509824,51.9607843137255,131.37254901960782,88.23529411764704
338,2022-07-18 00:46:40,1.01,1.02,1.07,1.0,943028,0.990099009900991,1.06,1.01,1.14,1.52,2.3,1.84,3.921568627450984,11.76470588235293,49.01960784313725,125.49019607843135,80.3921568627451
339,2022-07-19 00:46:40,1.07,1.06,1.1,1.03,636734,-0.9345794392523372,1.14,0.9749,1.07,1.72,2.55,1.77,7.547169811320741,0.9433962264150951,62.26415094339621,140.56603773584902,66.98113207547169
340,2022-07-20 00:46:40,1.08,1.14,1.14,1.02,1221342,5.555555555555539,1.01,1.14,1.26,1.59,1.88,1.86,-11.403508771929815,10.526315789473696,39.473684210526336,64.91228070175438,63.157894736842124
341,2022-07-21 00:46:40,1.18,1.01,1.18,1.0,2096179,-14.406779661016945,0.9749,1.07,1.26,1.85,2.05,1.91,-3.475247524752477,24.752475247524753,83.16831683168317,102.97029702970295,89.1089108910891
342,2022-07-22 00:46:40,1.03,0.9749,1.04,0.963,1178039,-5.3495145631068,1.14,1.26,1.55,1.84,1.94,2.04,16.935070263616772,58.99066570930353,88.73730639039903,98.99476869422504,109.2522309980511
343,2022-07-25 00:46:40,1.0,1.14,1.16,0.9803,1011002,13.99999999999999,1.07,1.26,1.52,1.86,1.89,1.95,-6.140350877192969,33.33333333333335,63.157894736842124,65.78947368421053,71.05263157894738
344,2022-07-26 00:46:40,1.15,1.07,1.21,1.06,718758,-6.956521739130422,1.26,1.55,1.72,1.85,2.0,2.03,17.757009345794387,60.74766355140186,72.89719626168224,86.91588785046727,89.71962616822427
345,2022-07-27 00:46:40,1.07,1.26,1.28,1.07,1559108,17.757009345794387,1.26,1.52,1.59,2.13,2.22,2.21,0.0,26.190476190476197,69.04761904761904,76.1904761904762,75.39682539682539
346,2022-07-28 00:46:40,1.25,1.26,1.35,1.23,3565430,0.8000000000000007,1.55,1.72,1.85,2.28,2.22,2.42,23.015873015873016,46.82539682539683,80.95238095238093,76.1904761904762,92.06349206349206
347,2022-07-29 00:46:40,1.3,1.55,1.56,1.24,1564188,19.23076923076923,1.52,1.59,1.84,2.36,1.92,2.24,-1.9354838709677438,18.70967741935484,52.258064516129025,23.870967741935477,44.51612903225807
348,2022-08-01 00:46:40,1.56,1.52,1.59,1.46,1545787,-2.5641025641025665,1.72,1.85,1.86,2.3,1.84,2.07,13.157894736842103,22.368421052631586,51.31578947368419,21.052631578947373,36.18421052631578
349,2022-08-02 00:46:40,1.47,1.72,1.765,1.42,1370833,17.006802721088434,1.59,1.84,1.85,2.55,1.77,2.17,-7.558139534883715,7.558139534883727,48.255813953488364,2.9069767441860495,26.162790697674414
350,2022-08-03 00:46:40,1.73,1.59,1.77,1.545,1211909,-8.092485549132942,1.85,1.86,2.13,1.88,1.86,1.88,16.352201257861633,33.96226415094338,18.238993710691812,16.9811320754717,18.238993710691812
351,2022-08-04 00:46:40,1.6,1.85,1.92,1.58,1522399,15.625,1.84,1.85,2.28,2.05,1.91,1.87,-0.540540540540541,23.243243243243228,10.810810810810796,3.2432432432432337,1.081081081081082
352,2022-08-05 00:46:40,1.85,1.84,1.94,1.76,693723,-0.540540540540541,1.86,2.13,2.36,1.94,2.04,1.79,1.0869565217391313,28.260869565217376,5.434782608695644,10.869565217391301,-2.7173913043478284
353,2022-08-08 00:46:40,1.95,1.86,2.03,1.71,991860,-4.615384615384608,1.85,2.28,2.3,1.89,1.95,1.69,-0.5376344086021511,23.65591397849461,1.612903225806441,4.838709677419347,-9.139784946236567
354,2022-08-09 00:46:40,1.81,1.85,1.87,1.78,813485,2.2099447513812174,2.13,2.36,2.55,2.0,2.03,1.69,15.135135135135124,37.837837837837824,8.108108108108103,9.729729729729714,-8.648648648648656
355,2022-08-10 00:46:40,1.9,2.13,2.28,1.8434,1920606,12.105263157894736,2.28,2.3,1.88,2.22,2.21,1.47,7.0422535211267565,-11.737089201877934,4.225352112676071,3.7558685446009425,-30.985915492957744
356,2022-08-11 00:46:40,2.22,2.28,2.77,2.07,5900849,2.702702702702685,2.36,2.55,2.05,2.22,2.42,1.53,3.5087719298245648,-10.087719298245613,-2.6315789473684044,6.140350877192988,-32.89473684210525
357,2022-08-12 00:46:40,2.32,2.36,2.58,2.27,3894974,1.7241379310344844,2.3,1.88,1.94,1.92,2.24,1.54,-2.5423728813559343,-17.796610169491522,-18.644067796610166,-5.08474576271185,-34.7457627118644
358,2022-08-15 00:46:40,2.23,2.3,2.67,2.23,1505692,3.1390134529147917,2.55,2.05,1.89,1.84,2.07,1.54,10.869565217391305,-17.826086956521735,-19.99999999999999,-10.0,-33.043478260869556
359,2022-08-16 00:46:40,2.28,2.55,2.66,2.27,2456498,11.842105263157896,1.88,1.94,2.0,1.77,2.17,1.8,-26.27450980392157,-21.568627450980387,-30.588235294117645,-14.901960784313722,-29.411764705882348
360,2022-08-17 00:46:40,2.44,1.88,2.44,1.76,4138909,-22.95081967213115,2.05,1.89,2.22,1.86,1.88,1.66,9.042553191489358,18.08510638297874,-1.0638297872340319,0.0,-11.702127659574467
361,2022-08-18 00:46:40,1.9,2.05,2.0799,1.84,2401494,7.894736842105258,1.94,2.0,2.22,1.91,1.87,1.66,-5.3658536585365795,8.292682926829286,-6.829268292682923,-8.780487804878035,-19.024390243902438
362,2022-08-19 00:46:40,1.97,1.94,1.97,1.79,1027711,-1.52284263959391,1.89,2.22,1.92,2.04,1.79,1.72,-2.5773195876288684,-1.0309278350515474,5.154639175257737,-7.7319587628865944,-11.340206185567009
363,2022-08-22 00:46:40,1.9,1.89,2.06,1.83,1489626,-0.5263157894736847,2.0,2.22,1.84,1.95,1.69,1.89,5.820105820105825,-2.6455026455026363,3.174603174603178,-10.58201058201058,0.0
364,2022-08-23 00:46:40,1.9,2.0,2.02,1.75,1505976,5.263157894736848,2.22,1.92,1.77,2.03,1.69,1.91,11.00000000000001,-11.5,1.4999999999999902,-15.500000000000004,-4.5000000000000036
365,2022-08-24 00:46:40,1.99,2.22,2.22,1.91,1870771,11.557788944723628,2.22,1.84,1.86,2.21,1.47,1.88,0.0,-16.21621621621622,-0.45045045045046084,-33.78378378378379,-15.315315315315328
366,2022-08-25 00:46:40,2.22,2.22,2.31,2.09,1349215,0.0,1.92,1.77,1.91,2.42,1.53,1.84,-13.513513513513525,-13.963963963963973,9.009009009008997,-31.081081081081084,-17.117117117117118
367,2022-08-26 00:46:40,2.17,1.92,2.295,1.8601,1881547,-11.52073732718894,1.84,1.86,2.04,2.24,1.54,1.72,-4.166666666666659,6.250000000000005,16.666666666666682,-19.791666666666664,-10.416666666666664
368,2022-08-29 00:46:40,1.9,1.84,1.98,1.83,727658,-3.1578947368420964,1.77,1.91,1.95,2.07,1.54,1.6,-3.8043478260869596,5.978260869565211,12.499999999999986,-16.30434782608696,-13.043478260869565
369,2022-08-30 00:46:40,1.83,1.77,1.92,1.655,1458126,-3.2786885245901667,1.86,2.04,2.03,2.17,1.8,1.79,5.084745762711869,14.68926553672315,22.59887005649717,1.6949152542372896,1.12994350282486
370,2022-08-31 00:46:40,1.82,1.86,1.965,1.76,1506188,2.1978021978022,1.91,1.95,2.21,1.88,1.66,1.98,2.688172043010743,18.81720430107526,1.0752688172042901,-10.752688172043019,6.451612903225799
371,2022-09-01 00:46:40,1.82,1.91,2.01,1.82,1381262,4.945054945054937,2.04,2.03,2.42,1.87,1.66,2.02,6.806282722513095,26.701570680628272,-2.0942408376963253,-13.089005235602095,5.759162303664927
372,2022-09-02 00:46:40,1.92,2.04,2.25,1.88,2619968,6.250000000000005,1.95,2.21,2.24,1.79,1.72,2.19,-4.411764705882357,9.803921568627459,-12.254901960784313,-15.686274509803924,7.352941176470584
373,2022-09-06 00:46:40,2.1,1.95,2.45,1.95,2945081,-7.1428571428571495,2.03,2.42,2.07,1.69,1.89,2.1,4.102564102564095,6.153846153846148,-13.333333333333334,-3.0769230769230798,7.6923076923077
374,2022-09-07 00:46:40,2.0,2.03,2.14,1.92,1587349,1.4999999999999902,2.21,2.24,2.17,1.69,1.91,2.08,8.866995073891633,6.896551724137938,-16.7487684729064,-5.911330049261078,2.4630541871921316
375,2022-09-08 00:46:40,1.97,2.21,2.245,1.94,1646539,12.182741116751268,2.42,2.07,1.88,1.47,1.88,1.99,9.502262443438912,-14.932126696832581,-33.4841628959276,-14.932126696832581,-9.95475113122172
376,2022-09-09 00:46:40,2.25,2.42,2.45,2.22,2145737,7.555555555555553,2.24,2.17,1.87,1.53,1.84,1.87,-7.438016528925609,-22.72727272727272,-36.77685950413223,-23.966942148760324,-22.72727272727272
377,2022-09-12 00:46:40,2.48,2.24,2.58,2.23,2000367,-9.6774193548387,2.07,1.88,1.79,1.54,1.72,1.89,-7.58928571428573,-20.089285714285722,-31.250000000000007,-23.214285714285722,-15.62500000000001
378,2022-09-13 00:46:40,2.21,2.07,2.3355,2.07,2252607,-6.334841628959281,2.17,1.87,1.69,1.54,1.6,2.0,4.83091787439614,-18.35748792270531,-25.60386473429951,-22.705314009661826,-3.3816425120772875
379,2022-09-14 00:46:40,2.09,2.17,2.24,2.055,3290696,3.827751196172252,1.88,1.79,1.69,1.8,1.79,2.05,-13.364055299539174,-22.119815668202765,-17.050691244239626,-17.511520737327185,-5.529953917050697
380,2022-09-15 00:46:40,2.15,1.88,2.25,1.84,4858922,-12.558139534883722,1.87,1.69,1.47,1.66,1.98,2.18,-0.5319148936170099,-21.80851063829787,-11.702127659574467,5.319148936170218,15.957446808510653
381,2022-09-16 00:46:40,1.83,1.87,1.97,1.74,17335259,2.185792349726777,1.79,1.69,1.53,1.66,2.02,2.18,-4.278074866310163,-18.181818181818183,-11.22994652406418,8.021390374331546,16.577540106951876
382,2022-09-19 00:46:40,1.83,1.79,1.9,1.68,3458697,-2.185792349726777,1.69,1.47,1.54,1.72,2.19,2.19,-5.586592178770954,-13.966480446927374,-3.9106145251396685,22.346368715083795,22.346368715083795
383,2022-09-20 00:46:40,1.73,1.69,1.805,1.67,2721763,-2.3121387283237014,1.69,1.53,1.54,1.89,2.1,2.37,0.0,-8.875739644970409,11.834319526627217,24.26035502958581,40.236686390532554
384,2022-09-21 00:46:40,1.69,1.69,1.74,1.52,1553715,0.0,1.47,1.54,1.8,1.91,2.08,2.17,-13.017751479289942,6.508875739644976,13.017751479289942,23.076923076923084,28.402366863905325
385,2022-09-22 00:46:40,1.66,1.47,1.66,1.46,1702603,-11.44578313253012,1.53,1.54,1.66,1.88,1.99,2.12,4.081632653061228,12.925170068027208,27.89115646258503,35.374149659863946,44.21768707482994
386,2022-09-23 00:46:40,1.45,1.53,1.53,1.34,2456321,5.51724137931035,1.54,1.8,1.66,1.84,1.87,2.18,0.6535947712418306,8.496732026143784,20.261437908496735,22.222222222222225,42.48366013071897
387,2022-09-26 00:46:40,1.48,1.54,1.6,1.48,1647345,4.054054054054058,1.54,1.66,1.72,1.72,1.89,2.2,0.0,11.688311688311684,11.688311688311684,22.72727272727272,42.85714285714287
388,2022-09-27 00:46:40,1.55,1.54,1.61,1.515,936991,-0.6451612903225812,1.8,1.66,1.89,1.6,2.0,2.25,16.883116883116884,22.72727272727272,3.8961038961038996,29.87012987012987,46.103896103896105
389,2022-09-28 00:46:40,1.58,1.8,1.83,1.54,1665663,13.924050632911388,1.66,1.72,1.91,1.79,2.05,2.02,-7.777777777777785,6.111111111111104,-0.555555555555556,13.888888888888875,12.22222222222222
390,2022-09-29 00:46:40,1.74,1.66,1.805,1.64,1744909,-4.597701149425292,1.66,1.89,1.88,1.98,2.18,2.25,0.0,13.253012048192769,19.277108433734945,31.325301204819294,35.54216867469881
391,2022-09-30 00:46:40,1.67,1.66,1.77,1.64,984707,-0.5988023952095813,1.72,1.91,1.84,2.02,2.18,2.04,3.6144578313253044,10.843373493975914,21.686746987951814,31.325301204819294,22.89156626506025
392,2022-10-03 00:46:40,1.655,1.72,1.79,1.6,1092380,3.927492447129906,1.89,1.88,1.72,2.19,2.19,2.05,9.883720930232553,0.0,27.325581395348834,27.325581395348834,19.1860465116279
393,2022-10-04 00:46:40,1.8,1.89,2.0,1.78,1906946,4.999999999999992,1.91,1.84,1.6,2.1,2.37,1.91,1.0582010582010593,-15.343915343915334,11.111111111111121,25.396825396825406,1.0582010582010593
394,2022-10-05 00:46:40,1.81,1.91,1.93,1.8,726692,5.524861878453031,1.88,1.72,1.79,2.08,2.17,1.87,-1.5706806282722525,-6.282722513088999,8.900523560209432,13.612565445026178,-2.0942408376963253
395,2022-10-06 00:46:40,1.89,1.88,1.97,1.84,628885,-0.5291005291005296,1.84,1.6,1.98,1.99,2.12,1.98,-2.1276595744680753,5.319148936170218,5.85106382978724,12.765957446808523,5.319148936170218
396,2022-10-07 00:46:40,1.84,1.84,1.885,1.79,1338057,0.0,1.72,1.79,2.02,1.87,2.18,1.89,-6.521739130434788,9.78260869565217,1.630434782608697,18.478260869565222,2.7173913043478164
397,2022-10-10 00:46:40,1.81,1.72,1.84,1.68,511265,-4.9723756906077385,1.6,1.98,2.19,1.89,2.2,1.77,-6.9767441860465045,27.325581395348834,9.883720930232553,27.906976744186057,2.9069767441860495
398,2022-10-11 00:46:40,1.69,1.6,1.69,1.58,1080509,-5.32544378698224,1.79,2.02,2.1,2.0,2.25,1.72,11.874999999999996,31.25,24.999999999999993,40.62499999999999,7.499999999999993
399,2022-10-12 00:46:40,1.63,1.79,1.8,1.51,1492592,9.81595092024541,1.98,2.19,2.08,2.05,2.02,1.69,10.614525139664801,16.201117318435756,14.525139664804456,12.849162011173181,-5.586592178770954
400,2022-10-13 00:46:40,1.69,1.98,1.99,1.63,1331631,17.15976331360947,2.02,2.1,1.99,2.18,2.25,1.82,2.020202020202022,0.5050505050505055,10.101010101010111,13.636363636363638,-8.080808080808078
401,2022-10-14 00:46:40,1.97,2.02,2.08,1.945,1104961,2.53807106598985,2.19,2.08,1.87,2.18,2.04,1.71,8.415841584158413,-7.425742574257422,7.920792079207928,0.990099009900991,-15.34653465346535
402,2022-10-17 00:46:40,2.02,2.19,2.24,2.01,1609468,8.415841584158413,2.1,1.99,1.89,2.19,2.05,1.74,-4.109589041095884,-13.698630136986303,0.0,-6.392694063926946,-20.54794520547945
403,2022-10-18 00:46:40,2.17,2.1,2.3,2.045,1417159,-3.2258064516128964,2.08,1.87,2.0,2.37,1.91,1.77,-0.9523809523809532,-4.761904761904765,12.85714285714286,-9.047619047619056,-15.714285714285717
404,2022-10-19 00:46:40,2.08,2.08,2.15,2.0,1096559,0.0,1.99,1.89,2.05,2.17,1.87,1.74,-4.32692307692308,-1.4423076923077043,4.3269230769230695,-10.096153846153843,-16.34615384615385
405,2022-10-20 00:46:40,2.08,1.99,2.135,1.97,1130786,-4.32692307692308,1.87,2.0,2.18,2.12,1.98,1.73,-6.030150753768838,9.547738693467345,6.532663316582921,-0.5025125628140708,-13.06532663316583
406,2022-10-21 00:46:40,2.07,1.87,2.07,1.84,1638695,-9.661835748792258,1.89,2.05,2.18,2.18,1.89,1.65,1.069518716577529,16.577540106951876,16.577540106951876,1.069518716577529,-11.764705882352951
407,2022-10-24 00:46:40,1.86,1.89,1.93,1.735,801649,1.612903225806441,2.0,2.18,2.19,2.2,1.77,1.58,5.820105820105825,15.873015873015875,16.40211640211642,-6.3492063492063435,-16.40211640211639
408,2022-10-25 00:46:40,1.9,2.0,2.045,1.9,1196011,5.263157894736848,2.05,2.18,2.37,2.25,1.72,1.51,2.499999999999991,18.500000000000007,12.5,-14.000000000000002,-24.5
409,2022-10-26 00:46:40,1.99,2.05,2.2,1.98,1220995,3.015075376884414,2.18,2.19,2.17,2.02,1.69,1.51,6.341463414634163,5.853658536585372,-1.463414634146332,-17.560975609756095,-26.34146341463414
410,2022-10-27 00:46:40,2.14,2.18,2.25,2.07,1207373,1.8691588785046744,2.18,2.37,2.12,2.25,1.82,1.41,0.0,-2.7522935779816535,3.2110091743119193,-16.51376146788991,-35.3211009174312
411,2022-10-28 00:46:40,2.22,2.18,2.28,2.11,1260500,-1.8018018018018032,2.19,2.17,2.18,2.04,1.71,1.36,0.45871559633026543,0.0,-6.422018348623859,-21.559633027522942,-37.61467889908257
412,2022-10-31 00:46:40,2.16,2.19,2.21,2.12,648396,1.3888888888888795,2.37,2.12,2.2,2.05,1.74,1.37,8.219178082191789,0.4566210045662206,-6.392694063926946,-20.54794520547945,-37.442922374429216
413,2022-11-01 00:46:40,2.2,2.37,2.41,2.2,1738175,7.727272727272723,2.17,2.18,2.25,1.91,1.77,1.36,-8.438818565400851,-5.06329113924051,-19.409282700421947,-25.31645569620253,-42.61603375527426
414,2022-11-02 00:46:40,2.37,2.17,2.39,2.09,867444,-8.438818565400851,2.12,2.2,2.02,1.87,1.74,1.33,-2.30414746543778,-6.91244239631336,-13.82488479262672,-19.815668202764975,-38.70967741935483
415,2022-11-03 00:46:40,2.11,2.12,2.16,2.01,709723,0.4739336492891104,2.18,2.25,2.25,1.98,1.73,1.22,2.8301886792452855,6.132075471698108,-6.603773584905666,-18.396226415094343,-42.45283018867924
416,2022-11-04 00:46:40,2.12,2.18,2.23,2.02,1256977,2.830188679245285,2.2,2.02,2.04,1.89,1.65,1.14,0.9174311926605512,-6.422018348623859,-13.302752293577994,-24.311926605504595,-47.70642201834863
417,2022-11-07 00:46:40,2.21,2.2,2.21,2.02,1513469,-0.4524886877827958,2.25,2.25,2.05,1.77,1.58,1.16,2.2727272727272645,-6.818181818181834,-19.54545454545455,-28.181818181818187,-47.27272727272728
418,2022-11-08 00:46:40,2.14,2.25,2.26,2.085,957327,5.140186915887844,2.02,2.04,1.91,1.72,1.51,1.31,-10.222222222222221,-15.111111111111114,-23.555555555555557,-32.88888888888889,-41.77777777777777
419,2022-11-09 00:46:40,2.21,2.02,2.215,1.98,828853,-8.597285067873301,2.25,2.05,1.87,1.69,1.51,1.3,11.386138613861386,-7.425742574257422,-16.33663366336634,-25.247524752475247,-35.64356435643564
420,2022-11-10 00:46:40,2.07,2.25,2.41,2.07,1854692,8.695652173913052,2.04,1.91,1.98,1.82,1.41,1.39,-9.333333333333332,-12.000000000000002,-19.11111111111111,-37.333333333333336,-38.22222222222222
421,2022-11-11 00:46:40,2.18,2.04,2.29,1.99,1710842,-6.422018348623859,2.05,1.87,1.89,1.71,1.36,1.22,0.49019607843136215,-7.352941176470594,-16.176470588235297,-33.33333333333333,-40.19607843137255
422,2022-11-14 00:46:40,2.01,2.05,2.07,1.935,1072291,1.9900497512437831,1.91,1.98,1.77,1.74,1.37,1.08,-6.829268292682923,-13.658536585365846,-15.121951219512189,-33.17073170731707,-47.317073170731696
423,2022-11-15 00:46:40,2.06,1.91,2.075,1.86,1140909,-7.281553398058259,1.87,1.89,1.72,1.77,1.36,1.14,-2.0942408376963253,-9.94764397905759,-7.329842931937168,-28.795811518324598,-40.31413612565446
424,2022-11-16 00:46:40,1.87,1.87,1.92,1.71,1279383,0.0,1.98,1.77,1.69,1.74,1.33,1.24,5.882352941176464,-9.62566844919787,-6.951871657754016,-28.87700534759358,-33.68983957219252
425,2022-11-17 00:46:40,1.75,1.98,2.03,1.75,635186,13.142857142857142,1.89,1.72,1.82,1.73,1.22,1.27,-4.545454545454549,-8.080808080808078,-12.626262626262626,-38.38383838383839,-35.858585858585855
426,2022-11-18 00:46:40,2.04,1.89,2.05,1.87,480076,-7.352941176470594,1.77,1.69,1.71,1.65,1.14,1.34,-6.3492063492063435,-9.52380952380952,-12.698412698412698,-39.682539682539684,-29.100529100529094
427,2022-11-21 00:46:40,1.86,1.77,1.87,1.74,1151464,-4.838709677419359,1.72,1.82,1.74,1.58,1.16,1.26,-2.8248587570621493,-1.6949152542372896,-10.734463276836156,-34.463276836158194,-28.8135593220339
428,2022-11-22 00:46:40,1.8,1.72,1.8,1.665,1434201,-4.444444444444448,1.69,1.71,1.77,1.51,1.31,1.28,-1.7441860465116297,2.9069767441860495,-12.209302325581394,-23.837209302325576,-25.581395348837205
429,2022-11-23 00:46:40,1.65,1.69,1.76,1.65,799140,2.4242424242424265,1.82,1.74,1.74,1.51,1.3,1.29,7.6923076923077,2.9585798816568074,-10.650887573964493,-23.076923076923073,-23.668639053254434
430,2022-11-25 00:46:40,1.67,1.82,1.825,1.64,288614,8.982035928143722,1.71,1.77,1.73,1.41,1.39,1.3,-6.043956043956049,-4.945054945054949,-22.527472527472533,-23.626373626373635,-28.57142857142857
431,2022-11-28 00:46:40,1.77,1.71,1.83,1.675,606467,-3.3898305084745792,1.74,1.74,1.65,1.36,1.22,1.35,1.7543859649122824,-3.5087719298245648,-20.467836257309934,-28.654970760233915,-21.052631578947363
432,2022-11-29 00:46:40,1.69,1.74,1.79,1.68,384729,2.9585798816568074,1.77,1.73,1.58,1.37,1.08,1.34,1.7241379310344844,-9.19540229885057,-21.264367816091948,-37.93103448275862,-22.988505747126432
433,2022-11-30 00:46:40,1.75,1.77,1.81,1.71,663250,1.142857142857144,1.74,1.65,1.51,1.36,1.14,1.3,-1.6949152542372896,-14.689265536723164,-23.1638418079096,-35.59322033898306,-26.55367231638418
434,2022-12-01 00:46:40,1.79,1.74,1.85,1.7,631323,-2.793296089385477,1.73,1.58,1.51,1.33,1.24,1.3,-0.5747126436781614,-13.218390804597698,-23.563218390804593,-28.735632183908045,-25.287356321839077
435,2022-12-02 00:46:40,1.71,1.73,1.78,1.675,449359,1.1695906432748548,1.65,1.51,1.41,1.22,1.27,1.2,-4.624277456647403,-18.4971098265896,-29.47976878612717,-26.589595375722542,-30.63583815028902
436,2022-12-05 00:46:40,1.67,1.65,1.76,1.635,503582,-1.197604790419163,1.58,1.51,1.36,1.14,1.34,1.16,-4.242424242424233,-17.575757575757564,-30.909090909090914,-18.78787878787878,-29.6969696969697
437,2022-12-06 00:46:40,1.69,1.58,1.69,1.55,705558,-6.508875739644964,1.51,1.41,1.37,1.16,1.26,1.21,-4.430379746835446,-13.291139240506325,-26.582278481012665,-20.253164556962027,-23.417721518987346
438,2022-12-07 00:46:40,1.59,1.51,1.59,1.49,623203,-5.031446540880507,1.51,1.36,1.36,1.31,1.28,1.29,0.0,-9.933774834437079,-13.24503311258278,-15.2317880794702,-14.56953642384106
439,2022-12-08 00:46:40,1.53,1.51,1.571,1.47,473034,-1.3071895424836613,1.41,1.37,1.33,1.3,1.29,1.4,-6.622516556291397,-11.920529801324498,-13.90728476821192,-14.56953642384106,-7.284768211920537
440,2022-12-09 00:46:40,1.51,1.41,1.51,1.39,971812,-6.622516556291397,1.36,1.36,1.22,1.39,1.3,1.39,-3.5460992907801296,-13.475177304964536,-1.4184397163120581,-7.801418439716304,-1.4184397163120581
441,2022-12-12 00:46:40,1.42,1.36,1.45,1.34,542398,-4.2253521126760445,1.37,1.33,1.14,1.22,1.35,1.3,0.7352941176470594,-16.176470588235308,-10.294117647058831,-0.7352941176470594,-4.411764705882357
442,2022-12-13 00:46:40,1.5,1.37,1.54,1.36,1120340,-8.66666666666666,1.36,1.22,1.16,1.08,1.34,1.4,-0.7299270072992706,-15.328467153284683,-21.167883211678834,-2.189781021897812,2.1897810218977956
443,2022-12-14 00:46:40,1.38,1.36,1.445,1.335,436242,-1.449275362318826,1.33,1.14,1.31,1.14,1.3,1.38,-2.2058823529411784,-3.676470588235297,-16.176470588235308,-4.411764705882357,1.4705882352941024
444,2022-12-15 00:46:40,1.33,1.33,1.44,1.31,1079044,0.0,1.22,1.16,1.3,1.24,1.3,1.34,-8.27067669172933,-2.2556390977443628,-6.766917293233088,-2.2556390977443628,0.7518796992481209
445,2022-12-16 00:46:40,1.31,1.22,1.34,1.21,1043510,-6.8702290076335935,1.14,1.31,1.39,1.27,1.2,1.4,-6.557377049180333,13.93442622950819,4.098360655737709,-1.6393442622950833,14.754098360655732
